prediction,ground_truth
deutlich auf den Punkt. Die Adressaten sind,deutlich auf den Punkt. Die Adressaten sind
"- Sie kennen den Hintergrund, denken aber, dass","- Sie kennen den Hintergrund, denken aber, dass"
Wissen ist der Schlüssel zum Erfolg.,Wissen ist der Schlüssel zum Erfolg.
dass die Bevölkerungszahl auf 4 Millarden Einwohner schrumpft.,dass die Bevölkerungszahl auf 4 Milliarden Einwohner schrumpft.
- langzeitarbeitslos: mehr als zwölf Monate Arbeitslosigkeit am Stück (Z.38-39),- langzeitarbeitslos: mehr als zwölf Monate Arbeitslosigkeit am Stück (Z.38-39)
- Das Zeitgefühl werde auch beinflusst,- Das Zeitgefühl werde auch beinflusst
"das es zur Wüstenbildung (Desertifikation) kommt. Bis, jetzt wurden",das es zur Wüstenbildung (Desertifikation) kommt. Bis jetzt wurden
- In Deutschland in NRW,- In Deutschland in NRW
Analytische Schritte,Analytische Schritte
einander ab. Die Vorstellung ist das Objekt,einander ab. Die Vorstellung ist das Objekt
Variablen,Variablen
- Beurteilung eines Kaufs,- Beurteilung eines Kaufs
- spezifiziert einen Ausschnitt aus dem Verhalten einer Klasse,- spezifiziert einen Ausschnitt aus dem Verhalten einer Klasse
- Persistierung (wo): Fik oder Datenbank oder....,- Persistierung (wo) : File oder Datenbank oder...
niertes sein und jeder Mensch kann auch,niertes sein und jeder Mensch kann auch
- niedrige Lebenserwartung,- niedrige Lebenserwartung
- Zunehmende Abstrahierung der Codes,Zunehmende Abstrahierung der Codes
- Wanderbewegungen im Norden,- Wanderbewegungen im Norden
Gestern habe ich einen kleinen Tornado gesehen.,Gestern habe ich einen kleinen Tornado gesehen.
"Frockenperioden, weniger Schneefall in den Rock4y Mountains und höhere Temperaturen","Trockenperioden, weniger Schneefall in den Rocky Mountains und höhere Temperaturen"
Gradienten aus der jüngeren Vergangenheit stärker gewichtet,Gradienten aus der jüngeren Vergangenheit stärker gewichtet
Python,Python
SVMs zu Ausseißererkennung,SVMs zu Ausreißererkennung
"- sobald der Motor sich dreht, erzeugt er als Generator eine Induktionsspannung","- sobald der Motor sich dreht, erzeugt er als Generator eine Induktionsspannung"
-> individuel erworben:,-> individuel erworben:
Tach und warf es heinlich den Kühen vor. Nun war eine,Tuch und warf es heimlich den Kühen vor. Nun war eine
- Nähe: Eifel,- Nähe: Eifel
- Große Kluft zwischen Alltag und Propaganda,- Große Kluft zwischen Alltag und Propaganda
"Anforderungen, die der Anwender der Software aufgrund seiner Arbeitsabläufe hat",Anforderungen die der Anwender der Software aufgrund seiner Arbeitsabläufe hat
Interaktionen zwischen Akteuren mithilfe mathematisch logischer,Interaktionen zwischen Akteuren mithilfe mathematisch-logischer
- Unterteilung erleichtert,- Unterteilung erleichtert
- Sprache entsteht durch Interaktion zwischen Menschen,- Sprache entsteht durch Interaktion zwischen Menschen
1.) - in Rot ph-Wert,1.) - in Rot ph-Wert
Eine Paralel ist eine Erzählung die indirekt,Eine Parabel ist eine Erzählung die indirekt
"Rohstoffen Konsungüter, die wieder in das Entwicklungsland exportiert werden, um","Rohstoffen Konsumgüter, die wieder in das Entwicklungsland exportiert werden, um"
Raumdarstellung und Raummetaphorik,Raumdarstellung und Raummetaphorik
Leichte Anderung von Datenstrukturen (Attribute) innerhalb einer Klasse ohne Beteiligung,- Leichte Änderung von Datenstrukturen (Attribute) innerhalb einer Klasse ohne Beteiligung
"Dabei stoßen sie auf den neuen Kontinent Amerika,","Dabei stoßen sie auf den neuen Kontinent Amerika,"
- Politik als Phänomen des Überbaus und des Klassenkampfes,- Politik als Phänomen des Überbaus und des Klassenkampfes
aus der Barockzeit. Durch zahlreiche,aus der Barockzeit. Durch zahlreiche
- Bindung an überlieferte Normen,- Bindung an überlieferte Normen
Eiweißbestandteilen der Haare oder Fetern des Wirfes,Eiweißbestandteile der Haare oder Federn des Wirtes
Rohstoffe in Industrieländer exportiert. Die Industrieländer produrzieren mit den,Rohstoffe in Industrieländer exportiert. Die Industrieländer produzieren mit den
Die Gznse fliegen in Formation.,Die Gänse fliegen in Formation.
Prozesse.,Prozesse.
seinen Zahlungen nachkommt,seinen Zahlungen nachkommt
- Einheit: Oberste Priorität die Einheit zu wahren,- Einheit: Oberste Priorität die Einheit zu wahren
-> Gehirn wird zu kognitiven Höchstleistungen angeregt,-> Gehin wird zu kognitiven Höchstleistungen angeregt
Verpackungsmäll vermeiden durch bewussten Konsum.,Verpackungsmüll vermeiden durch bewussten Konsum.
- Dient der Ausschließung von hinreichenden,Dient der Ausschließung von hinreichenden
2. Medienwissenschaft:,2. Medienwissenschaft:
Definition,Definition
-bGeraten damals,Liberalen damals
- schützt die Grundrechte,- schützt die Grundrechte
- Alles Menschen => gleich aber nicht ihre Stellung,Alles Menschen => gleich aber nicht ihre Stellung
Lesungen bringen Autoren und Leser zusammen.,Lesungen bringen Autoren und Leser zusammen.
Die Vögel singen heute sehr laut.,Die Vögel singen heute sehr laut.
"Verein: Im Bereich der Freizeit angesiedelte, voluntaristisch gegründete","- Verein: Im Bereich der Freizeit angesiedelte, voluntaristisch gegründete"
kann man auch jede Sprache der Welt,kann man auch jede Sprache der Welt
Normalarbeitsverhältnis:,Normalarbeitsverhältnis:
Nr3.),Nr3.)
Wir treiffen uns am nächsten Sonntag.,Wir treffen uns am nächsten Sonntag.
- Operationale Definition: Validität per Definition,- Operationale Definition: Validität per Definition
Nationalbewegung,Nationalbewegung
- Der Baum kann vollständig expandiert werden,- Der Baum kann vollständig expandiert werden
- Kostenfunktion Minimieren indem Minimum der Funktion suchen,- Kostenfunktion Minimieren indem Minimum der Funktion suchen
- Bsp.: Einkommen in Deutschland ist ungleicher geworden,- Bsp.: Einkommen in Deutschland ist ungleicher geworden
- geringeres Wirtschaftswachstum,- geringeres Wirtschaftswachstum
gab es einen Wandel im politischen Denken?,gab es einen Wandel im politischen Denken?
Umfeld und sich selbst kennen s und genießen,Umfeld und sich selbst kennen und genießen
Mit Hilfe dieser Modelle kann man feststellen welche Personen eine Gruppe,Mit Hilfe dieser Modelle kann man feststellen welche Personen eine Gruppe
Die Ame ise trägt eine groß Last.,Die Ameise trägt eine große Last.
Datenreplikation sichert Verfügbarkeit.,Datenreplikation sichert Verfügbarkeit.
Digitalisierung schafft neue Berufsfelder.,Digitalisierung schafft neue Berufsfelder.
festgelegt werden,festgelegt werden
- Immer nur von A-> B nicht beides gleich -,- Immer nur von A -> B nicht beides gleich-
so etwas nie eine angeborene Universalgrammatik,so etwas wie eine angeborene Universalgrammatik
- In der (angestrebten) Grundgesamtheit müssen alle Merkmalsträger,- In der (angestrebten) Grundgesamtheit müssen alle Merkmalsträger
Der Durchschnittsniederschlag liegt bei 599 mm. Das Diagramm zeigt das,Der Durchschnittsniederschlag liegt bei 599mm. Das Diagramm zeigt das
bevor sie noch rum spinnen und mir irgendetwas komisches erzählen.,bevor sie noch rum spinnen und mir irgendwas komisches erzählen.
"""Llike it"" -Songtext","""I like it"" - Songtext"
Studenten planen ihre Zukunft sorgfältig.,Studenten planen ihre Zukunft sorgfältig.
Der Zustand eines Objektes ...,Der Zustand eines Objektes...
Projektmanagement ist eine wichtige Dähigkeit.,Projektmanagement ist eine wichtige Fähigkeit.
- Ein Geschäftsprozess wird durch eine Kollektion von Szenarios dakumentiert,- Ein Geschäftsprozess wird durch eine Kollektion von Szenarios dokumentiert
Definition : Menge von Elementen in wechselseitiger,Definition : Menge von Elementen in wechselseitiger
"werden abgeworfen, um keine Energie zu ""verschwenden""","werden abgeworfen, um keine Energie zu ""verschwenden"""
- Erstes Ausprobieren von Messinstrumenten (z.B. Fragebogenkonstruktion),- Erstes Ausprobieren von Messinstrumenten (z.B Fragebogenkonstruktion)
In dem Modell sind die Schichten stärker differenziert. Zudem wird,In dem Modell sind die Schichten stärker differenziert. Zudem wird
Der Sturm bläst die Blätter von den Bäumen.,Der Sturm bläst die Blätter von den Bäumen.
"- Lösung: PpS (Probability, Proportional to Size)",- Lösung: PPS (Probability Proportional to Size)
Die Mutter versucht sie zu beruhigen und,Die Mutter versucht sie zu beruhigen und
"- Regierungsbillung, Oppositionsarbeit","- Regierungsbildung, Oppositionsarbeit"
Verzweifelt fast ohne Grund,Verzweifelt fast ohne Grund
Argument H: Pluralisierung bzw. Individualisierung von Milieus und Lebensstilen,Argument H: Pluralisierung bzw. Individualisierung von Milieus und Lebensstilen
Bluetooth,Bluetooth
"- Besonders in Wirtschaft, Wissentschaft, Kultur, Reisen...","- Besonders in Wirtschaft, Wissentschaft, Kultur, Reisen..."
danken und handeln beeinflussen.,denken und handeln beeinflussen.
In modernen Dokumentation über den,In modernen Dokumentation über den
"- Pseudozustand, der mit einem echten Zustand durch Transition verbunden ist","- Pseudozustand, der mit einem echten Zustand durch Transition verbunden ist"
ob er bei seinen schilderungen bertrieben hat.,ob er bei seinen Schilderungen übertrieben hat.
- Spezifikation des Clients erfordert weitere Modellierung,- Spezifikation des Clients erfordert weitere Modellierung
Kahmenbedingung (Cconstraint) legt organisatorische und / oder technische Restriktion für das Softwaresystem,Rahmenbedingung (constraint) legt organisatorische und/oder technische Restriktionen für das Softwaresystem
"Die Vorteile dieser Methode sind, dass relativ genau die Strahlenbelastung ermittelt","Die Vorteile dieser Methode sind, dass relativ genau die Strahlenbelastung ermittelt"
- Auch die Darstellung von Ereignissen ist anders,- Auch die Darstellung von Ereignissen ist anders
Einzelunternehmen,Einzelunternehmen
- bessere Akzeptanz von verschiedenen Talenten,- bessere Akzeptanz von verschiedenen Talenten
- Kontrolliert die Europäische Kommission,- kontrolliert die Europäische Kommission
Placebo-Treatment,Placebo-Treatment
Soziale und politische Realität,Soziale und politische Realität
zugezogenen Menschen verunreinigte Wasser und der steigende Wasserverbrauch.,zugezogenen Menschen verunreinigte Wasser und der steigende Wasserverbrauch.
Studenten genießen die Freiheit ds Campus lebens.,Studenten genießen die Freiheit des Campuslebens.
Worst Cases,Worst Cases
Bald wird das Getreide geerntet.,Bald wird das Getreide geerntet.
- Nicht durch Wahlen legitimierte,- Nicht durch Wahlen legitimierte
Ziel: Verfeinerung und Operationalisierung der Vision,Ziel: Verfeinerung und Operationalisierung der Vision
- Konsequenzen der K-Wende also der Beobachtungsebene,Konsequenzen der K-Wende also der Beobachtungsebene
2. innerhalb einer sozialen Beziehung,2. innerhalb einer sozialen Beziehung
- Redundanzeffekt: Gleiche Antwort von ähnlichen Fragen vermeiden,- Redundanzeffekt: Gleiche Antwort von ähnlichen Fragen vermeiden
das alles einen bestimmten Namen,das alles einen bestimmten Namen
zusammenleben und etwas was in der Zukunft,zusammenleben und etwas was in der Zukunft
man auf weitere Reiseberichte von anderen Seefahrern,man auf weitere Reiseberichte von anderen Seefahrern
Empirisch - Analytischer Politikbegriffe,Empirisch - Analytischer Politikbegriffe
Neup logie,Neurologie
Programmierwettbewerbe fördern Talente.,Programmierwettbewerbe fördern Talente.
Programmierer schreiben Code.,Programmierer schreiben Code.
sind.,sind.
"Es gibt zwei Arten der Genommutation, die Polyploidie und die Aneuploidie.","Es gibt zwei Arten der Genommutation, die Polyploidie und die Aneuploidie."
gie dort zu verkaufen.,sie dort zu verkaufen.
sich zu tun hat.,sich zu tun hat.
Handeln. Sie versch windet sobald sie sich zerstreuen.,Handeln. Sie verschwindet sobald Sie sich zerstreuen.
- Aktien -> Handelbar,- Aktien -> Handelbar
Forschungsprojekte ermöglichen Einblicke.,Forschungsprojekte ermöglichen Einblicke.
"- Einheitliche Wirtschaftszone, Währungsreform","- Einheitliche Wirtschaftszone, Währungsreform"
- Natürlich - künstlich,- Natürlich - künstlich
"gegründet, hat einen Sohn und ein wigenes","gegründet, hat einen Sohn und ein eigenes"
-> Institutionalisierung,-> Institutionalisierung
Jova ist Plattformunabhängig.,Java ist plattformunabhängig.
Das Rutro Ränst auf des PAnutobatum.,Das Auto fährt auf der Autobahn.
- Anspruch individualisieren => Wohlhabende werden unterstützt (Z.158-162),- Anspruch individualisieren => Wohlhabende werden unterstützt (Z.158-162)
einer Zeit weg ist und nicht speicherbar ist. Da die Wärme,einer Zeit weg ist und nicht speicherbar ist. Da die Wärme
Gruppe aus liberalen Bürgern übernah die Macht. -> Brüchig,Gruppe aus liberalen Bürgern übernahm die Macht -> Brüchig
KI optimiert den Energieverbrauch in Gebäuden.,KI optimiert den Energieverbrauch in Gebäuden.
Nr. 1,Nr. 1
-> wandelbar = veränderte Soziale Realität,-> wandelbar = veränderte Soziale Realität
9. Oktober streitete sie sich mit ihrem Mann.,9. Oktober streitet sie sich mit ihrem Mann.
spezifikation von Randern,spezifikation von Rändern
Zwei unterschiedliche Gruppen empirisch untersecht,Zwei unterschiedliche Gruppen empirisch untersucht.
- 50 Jahre Sehensucht des Ichr in der Natur,- 50 Jahre Sehnsucht des Ichs in der Natur
vorhanden sind. Gegen Ende seiner Rede spricht,vorhanden sind. Gegen Ende seiner Rede spricht
Typelcript verbessert die Wartbarkeit und Skalierberkeit von InvaScript-Pojlten.,TypeScript verbessert die Wartbarkeit und Skalierbarkeit von JavaScript-Projekten.
- Aufforderung / Wansch an die Gesellschaft,- Aufforderung / Wunsch an die Gesellschaft
Grundlegende Matrix-Operationen,Grundlegende Matrix-Operationen
- b) Aufsichtsrat,- b) Aufsichtsrat
- Wiedervereinigung wir klar Abgelehnt,- Wiedervereinigung wir klar Abgelehnt
-> verhindern Austausch von Allelen zwischen Individuen,-> verhindern Austausch von Allelen zwischen Individuen
KI-Chatbots verbessern den Kundenserviee.,KI-Chatbots verbessern den Kundenservice.
- Anekennung dieser Regierungen,- Anerkennung dieser Regierungen
Fällt Genie nur das Sprechen schwer oder auch das Verstehen?,Fällt Genie nur das Sprechen schwer oder auch das Verstehen?
ziehen sollte,ziehen sollte
15-22.8.2023,15-22.8.2023
Im Winter liegt oft Schnee draußen.,Im Winter liegt oft Schnee draußen.
Die Verfassung des Kaiserreiches 1871,Die Verfassung des Kaiserreichs 1871
Interesse und Aufmerksamkeit der Befragten,Interesse und Aufmerksamkeit der Befragten
wie sicht der effektive Preis in der Praxis für den Käufer zusammen?,wie sieht der effektive Preis in der Praxis für den Käufer zusammen?
- ringför mig angeordnet um die Kernstadt,- ringförmig angeordnet um die Kernstadt
- Beobachtungen und Schlussfolgerungen von Darwin,- Beobachtungen und Schlussfolgerungen von Darwin
Entscheidungen. Sie ist somit selbst auch Politik.,Entscheidungen. Sie ist somit selbst auch Politik.
"das lyrische Ich ein guter Freund, welcher ein Rückzugsort und Geborgenheit bietet.","das lyrische Ich ein guter Freund, welcher ein Rückzugsort und Geborgenheit bietet."
Ein Traumfänger fängt Träume ein.,Ein Traumfänger fängt Träume ein.
Studenten leben oft auf dem Campus.,Studenten leben oft auf dem Campus.
- Lebensraum für Menschen schaffen -> Rodung von Regenwald,- Lebensraum für Menschen schaffen -> Rodung von Regenwald
"Marquise verstoßen, da dies als Schande","Marquise verstoßen, da dies als Schande"
- Transhationale Beziehung,- Transnationale Beziehung
"c.) Die Aussage ist falsch, nicht nur die Höhe sondern auch die Geschwindigkeit der","c.) Die Aussage ist falsch, nicht nur die Höhe sondern auch die Geschwindigkeit der"
Künstliche Neuronen,Künstliche Neuronen
Studenten sind Teil des akademischen Lebens.,Studenten sind Teil des akademischen Lebens.
Die ersten zwei Strophen bestehen aus,Die ersten zwei Strophen bestehen aus
Portugiesische Seefahrer erkundeten weitgehend nur die,Portugiesische Seefahrer erkundeten weitgehend nur die
Der Kaiser der Deutschen stand ganz oben und hatte ein Veto-Recht,Der Kaiser der Deutschen stand ganz oben und hatte ein Veto-Recht
und sei somit für alle Menschen ein,und sei somit für alle Menschen ein
- Nummern der beiden Controller dürfen nicht,- Nummern der beiden Controller dürfen nicht
diffundieren und Kaliumionen in richtung Dünndarmzelle diffundieren (Antiport).,diffundieren und Kaliumionen in richtung Dünndarmzelle diffundieren (Antiport).
2b) mittels Ereignissen,2b) mittels Ereignissen
"- Ziele: Identifikation typischer Muster, Überprüfung vorhandener Theorie","- Ziele: Identifikation typischer Muster, Überprüfung vorhandener Theorie"
Erde wechselt das Inertialsystem nicht,Erde wechselt das Inertialsystem nicht
reibung von Nahrung sich auf den Geschmach,reibung von Nahrung sich auf den Geschmack
Ein Schmetterling tanzt.,Ein Schmetterling tanzt.
"Der Ort Sezuan liegt in China, also ein","Der Ort Sezuan liegt in China, also ein"
"vor der Zukunft, wenn es so weitergehe. Der","vor der Zukunft, wenn es so weitergehe. Der"
alten Ursprung alles Lebenden wiederherstellen,alten Ursprung alles Lebenden wiederherstellen
2. Umsetzung in Dresden-Hellerau,2. Umsetzung in Dresden-Hellerau
BRD :,BRD:
Ein Regenbogen zaubert Farben in den Himmel.,Ein Regenbogen zaubert Farben in den Himmel.
"In Kombination mit dem Problem der Inhaltsvalidität,","In Kombination mit dem Problem der Inhaltsvalidität,"
- Interrupts wurden vom BS-bearbeitet,- Interrupts werden vom BS - bearbeitet
"-> MAR, NMAR","-> MAR, NMAR"
neuromuskulären Synapse. Die Spannung in mV wird in Abhängigkeit zur,neuromuskulären Synapse. Die Spannung in mV wird in Abhängigkeit zur
Fakt 8 - Aufstocken ist meist erst mit Kindern nötig,Fakt 8 - Aufstocken ist meist erst mit Kindern nötig
7. Menschen stellen sich gerne über andere Lebewesen.,7. Menschen stellen sich gerne über andere Lebewesen.
Eigenschaften: - Systematisch,Eigenschaften: -Systematisch
- Akteure: 1. Regierungen von saveränen Staaten,- Akteure: 1. Regierungen von souveränen Staaten
- Enden der Pipe müssen geschlossen werden,- Enden der Pipe müssen geschlossen werden
"Wechselstrom / Elektromotor: Bei einem Feld, an dem sich immer die Polung wechselt, fließen","Wechselstrom / Elektromotor: Bei einem Feld, an dem sich immer die Polung wechselt, fließen"
- Unternehmen kooperieren miteinander,- Unternehmen kooperieren miteinander
Der Hund bellt laut eine Katze an.,Der Hund bellt laut eine Katze an.
- Alle haben Macht.,- Alle haben Macht.
"- Deutsches Reich erst überlegen, dann Angst vor","- Deutsches Reich erst überlegen, dann Angst vor"
Design beeinflusst unseren Alltag.,Design beeinflusst unseren Alltag.
Konsistenzerhaltung durch referentielle Integrität,Konsistenzerhaltung durch referentielle Integrität
- Individuen / Personen \ - soziale Kollektive / Organisationen,- Individuen | Personen \ - soziale Kollektive / Organisationen
- bei Phosphoreszenz wird die absorbierte Energie gespeichert und über einen Zeitraum,- bei Phosphoreszenz wird die absorbierte Energie gespeichert und über einen Zeitraum
Argumente:,Argumente:
-> keine Kontrolle durch das Hauptunternehmen,-> keine Kontrolle durch das Hauptunternehmen
wird die Differenz zum Schwellenwert geringer und so reicht ein,wird die Differenz zum Schwellenwert geringer und so reicht ein
- SIF und SRT -> Burst-Dauer-Prognose,- SJF und SRT -> Burst-Dauer-Prognose
Die Krähe krächzt auf dem Baum.,Die Krähe krächzt auf dem Baum.
- Europäer wanderten hauptsächlich nach Amerika aus,- Europäer wanderten hauptsächlich nach Amerika aus
- Weimarer Republik:,- Weimarer Republik:
"vor den Toren mehrere Stunden warten, da er es nicht wollte mit dem König zu","vor den Toren mehrere Stunden warten, da er es nicht wollte mit dem König zu"
"Kurze Historische Einordnung, wann war es","Kurze Historische Einordnung, wann war es"
- Solidarisierung der Privilegierten und gegenseitige Bestätigung zur,- Solidarisierung der Privilegierten und gegenseitige Bestätigung zur
gezeigt werden sollten. Auch wenn diese meist,gezeigt werden sollten. Auch wenn diese meist
"- Im Vergleich zum kaassischen Beratungsmodell, haben wir nun","- Im Vergleich zum klassischen Beratungsmodell, haben wir nun"
Datenbanken speichern Informationen.,Datenbanken speichern Informationen.
Das Industrieland hatte nicht mehr ganz so viel Einfluss.,Das Industrieland hatte nicht mehr ganz so viel Einfluss.
Die Kühe grasen friedlich auf der Weide.,Die Kühe grasen friedlich auf der Weide.
"Tschad 0,3 Länder liegen im Inland von Afrika","Tschad 0,3 Länder liegen im Inland von Afrika"
- Mechanismen die zu Fehldaten führen,- Mechanismen die zu Fehldaten führen
Das Chamäleon wechselt seine Farbe.,Das Chamäleon wechselt seine Farbe.
"singend durch die Natur, die besonders aus -","singend durch die Natur, die besonders aus -"
Das Känguru hüpft über die Wiese.,Das Känguru hüpft über die Wiese.
Bei der 1. Variante wird kurz stark angesaugt und die Zellmembran aufgebrochen,Bei der 1. Variante wird kurz stark angesaugt und die Zellmembran aufgebrochen
=> Matrix = Zeila & Spalte je eine Variable,=> Matrix = Zeile & Spalte je eine Variable
- Kinder werden als Last angesehen,- Kinder werden als Last angesehen
des Verstandes sondern der Entschließung,des Verstandes sondern der Entschließung
DasAuto führt auf der Autobahn.,Das Auto fährt auf der Autobahn.
- neue Unternehmen,- neue Unternehmen
Dünndarmzelle (Symport) von da aus diffundiert Phosphat durch ein passiven,Dünndarmzelle (Symport) von da aus diffundiert Phosphat durch ein passiven
- Junie 1953 Arbeiteraufstand -> Zerschlagen,- Junie 1953 Arbeiteraufstand -> Zerschlagen
- Daten zusammen fügen (Join),- Daten zusammenfügen (Join)
in mehreren Dimensionen mit dem zu messenden Konzept korrelieren.,in mehreren Dimensionen mit dem zu messenden Konzept korrelieren.
Studenten nehmen an Sportveranstaltungen teil.,Studenten nehmen an Sportveranstaltungen teil.
"mit allen Begleiterscheinungen der Konzeption, Durchsetzung und","mit allen Begleiterscheinungen der Konzeption, Durchsetzung und"
Deadlocks,Deadlocks
Ablauforganisation: regelt und steuert die Arbeitsgange,Ablauforganisation : regel und steuert die Arbeitsgänge
1.) - blaue Gebirgszüge und ein See,1.) - blaue Gebirgszüge und ein See
nicht der Fall ist,nicht der Fall ist.
vor Gericht,vor Gericht
in einem anderen Land,in einem anderen Land
Gartenstadt:,Gartenstadt:
Jedoch wäre die Zuordnung über meine Eltern möglich.,Jedoch wäre die Zuordnung über meine Eltern möglich.
"- Sprache beinflusst das Denken, auch negativ","- Sprache beinflusst das Denken, auch negativ"
Welche sprachlichen Erfolge erreicht das Mädchen?,Welche sprachlichen Erfolge erreicht das Mädchen?
da sie sich vielmehr gegenseitig bedingen.,da sie sich vielmehr gegenseitig bedingen.
Seit den Untersuchungen wird über die Wirklichkeit in der,Seit den Untersuchungen wird über die Wirklichkeit in der
andere Firmen,andere Firmen
Schauspieler mit Namensnennung,Schauspieler mit Namensnennung
=> In der Aufrechterhaltung von Interaktionsmustern,=> In der Aufrechterhaltung von Interaktionsmustern
- Gegenseitig blockieren und keiner arbeitet weiter,- Gegenseitig blockieren und keiner arbeitet weiter
für alle Generationen geeignet,für alle Generationen geeignet
Grund begriffe der IB (Akteure),Grundbegriffe der IB (Akteure)
- Er hält sie fest und küsst sie auf den Mund,- Er hält sie fest und küsst sie auf den Mund
- Nachteile :,- Nachteile :
ATP dient als Energiequelle für grundlegende energieverbrauchende Prozesse aller,ATP dient als Energiequelle für grundlegende energieverbrauchende Prozesse aller
aktiven Transport als Symport,aktiven Transport als Symport
Herr Maier ist wütend wegen seinem,Herr Maier ist wütend wegen seinem
- nur Nachschlagwerk,- nur Nachschlagwerk
-> Friedenssicherung,-> Friedenssicherung
- Erklärungen,- Erklärungen
- uberwacht die Enhaltung des EU-Rechts,- überwacht die Einhaltung des EU-Rechts
- viele Renteneinnahmen von extern,- viele Renteneinnahmen von extern
"- ""rechts:. mehr Widerstand","- ""rechts"": mehr Widerstand"
Parbeiten. Nach dieser Szene wird der Verdacht,arbeiten. Nach dieser Szene wird der Verdacht
Wechsel der Perspektive,Wechsel der Perspektive
und die Geschichten eine klare Struktur haben und sie auf eine,und die Geschichten eine klare Struktur haben und sie auf eine
Außerhalb des Klassen kontextes Klasse.attribut,Außerhalb des Klassenkontextes Klasse.attribut
Aktualität der S-W-Hypothese,Aktualität der S-W-Hypothese
Vorgehen und Strafen vor.,Vorgehen und Strafen vor.
Entwicklungslandes zu erfassen. Berücksichtigt wird die Stellung von Frauen,Entwicklungslandes zu erfassen. Berücksichtigt wird die Stellung von Frauen
versucht so die Marquise zu beruhigen und,versucht so die Marquise zu beruhigen und
- häufig wollen Partnerschaften keine Kinder,- häufig wollen Partnerschaften keine Kinder
aber erwischte sie ihn doch und jegte ihn zum Haus hinaus. Das,aber erwischte sie ihn doch und jagte ihn zum Haus hinaus. Das
Arbeit vs. Kapital (Materielle Konflikte),- Arbeit vs. Kapital (Materielle Konflikte)
2 Hauptgruppen,2 Hauptgruppen
"- Primärschlüssel muss immer einen definierten Wert besitzen, null nicht zugelassen","- Primärschlüssel muss immer einen definierten Wert besitzen, null nicht zugelassen"
- Spezifikation der Use-Cases,- Spezifikation der Use-Cases
- Rückgang der Erwerbstätigen,- Rückgang der Erwerbstätigen
Vorteile:,Vorteile:
"Bsp.: Aus Aminosäuren könnten Tunnelprotein, Proteinfilamente für das Gytoskelett","Bsp.: Aus Aminosäuren könnten Tunnelprotein, Proteinfilamente für das Cytoskelett"
und bringt sie zurück nach Hause. Darauf -,und bringt sie zurück nach Hause. Darauf -
das <titte > -Element,das <title> - Element
- strenge Anspruchsvoraussetzungen,- strenge Anspruchsvoraussetzungen
leidenschaftlich nach dem sinn unseres Lebens zu fragen und Antworten zu suchen,leidenschaftlich nach dem Sinn unseres Lebens zu fragen und Antworten zu suchen
-> Keine Einigung und Wohlbetrug,-> Keine Einigung und Wahlbetrug
- Wirklichkeit wird konstuiert z.B von sozialen Beziehungen,- Wirklichkeit wird konstuiert z.B von sozialen Beziehungen
"- => gute Erfahrungen gemacht mit deutschen, die ihn respektiert haben","- => gute Erfahrungen gemacht mit deutschen, die ihn respektiert haben"
Des weiteren wird erst auf den Inhalt und danm auf die positiven,Des weiteren wird erst auf den Inhalt und dann auf die positiven
Der Krieg radikalisiert sich:,Der Krieg radikalisiert sich:
- Ernichtung des Sees und Wege um den See,- Errichtung des Sees und Wege um den See
- disrantive Selektion,- disruptive Selektion
-uni- arsllef bis,- Terminvorschlag bis
Thematisierungsmacht,Thematisierungsmacht
"da dieses nicht gelernt hat, wie man spricht und","da dieses nicht gerlernt hat, wie man spricht und"
"- Jede Klasse ""kemt"" nurihre eigenen Attribute, Operationen und Assoziationen und die ihrer","- Jede Klasse ""kennt"" nur ihre eigenen Attribute, Operationen und Assoziationen und die ihrer"
- Kinder aus dem Osten zwischen 4 und 15 Jahren,- Kinder aus dem Osten zwischen 4 und 15 Jahren
Normalisierung der Attribute im Klassendiagramm nicht notwendig Klassen:,Normalisierung der Attribute im Klassendiagramm nicht notwendig Klassen:
Lessing und Religion,Lessing und Religion
- Audi AG : Produktion + Verkauf von Autos,- Audi AG : Produktion + Verkauf von Autos
Mentoren spielen eine wichtige Rolle für Studenten.,Mentoren spielen eine wichtige Rolle für Studenten.
- Hypothesen-geleitete quantitative Analyse von Umfragedaten,- Hypothesen-geleitete quantitative Analyse von Umfragedaten
- Die gesamte Staatsmacht gekt vom Volk aus,- Die gesamte Staatsmacht geht vom Volk aus
Kontaktaufnahme: - Höflichkeit,Kontaktaufnahme: - Höflichkeit
"- Busse haben eine eigene, abgetrennte Ordnung","- Busse haben eine eigene, abgetrennte Ordnung"
Machtewerbsstreben Def. nach Weber:,- Machterwerbsstreben Def. nach Weber:
- Herangehensweise: Interaktion zwischen Akteuren mithilfe mathematisch -,- Herangehensweise: Interaktion zwischen Akteuren mithilfe mathematisch-
und Aufseher belohnt wenden.,und Aufseher belohnt werden.
"Nachbarländer sind NamJbia, Botsaana, Sambia, D.R. Kongo","Nachbarländer sind Namibia, Botswana, Sambia, D. R. Kongo"
1. Konfiguration,1. Konfiguration
- Chancen für Migranten stellen,- Chancen für Migranten stellen
3. Interaktionseffekte zwischen zwei oder mehreren der,8. Interaktionseffekte zwischen zwei oder mehreren der
zum Verdrängen. Als er eine Männerstimme,zum Verdrängen. Als er eine Männerstimme
Spinat ist reich an Eisen und Vitaminen.,Spinat ist reich an Eisen und Vitaminen.
radioaktive Strahlung.,radioaktive Strahlung.
"Stadt, die sehr belebt sind.","Stadt, die sehr belebt sind."
- Überwachtes Lernen (supervised learning),- Überwachtes Lernen (supervised Learning)
Machtmittel der Machtausübung:,Machtmittel der Machtausübung:
Vespucci beschreibt die Indianer als eine Komische,Vespucci beschreibt die Indianer als eine komische
In der dritten Strophe wird d der erste,In der dritten Strophe wird der erste
- Jeder Index : von X steht für einen bestimmten Wert k aus x,- Jeder Index i von x steht für einen bestimmten Wert k aus x
2. Experiment,2. Experiment
"die Soldaten erschossen werden, während der","die Soldaten erschossen werden, während der"
"- klare Gliederung (Wohnviertel, Arbeitsviertel, Gesellschaftsviertel)","- klare Gliederung (Wohnviertel, Arbeitsviertel, Gesellschaftsviertel)"
der Vakuole freigesetzt => steigt der ph-Wert => 4-> 6 an,der Vakuole freigesetzt => steigt der ph-Wert => 4->6 an
- Theoretische Konsequenzen,- Theoretische Konsequenzen
Entfremdung und tat nichts dagegen.,Entfremdung und tat nichts dagegen.
krifische Marke von 105 Fuß (328m) 40% seiner Kapazität,kritische Marke von 1075 Fuß (328m) 40% seiner Kapazität
Selbstbehauptung,Selbstbehauptung
Gruppenprojekte fördern Teamarbeit.,Gruppenprojekte fördern Teamarbeit.
Politische Kommunikation.,Politische Kommunikation
"Früher weigerte sich Sam, Deluxe an Gott zu glauben da war ihm",Früher weigerte sich Samy Deluxe an Gott zu glauben da war ihm
Listen-Elemente,Listen-Elemente
Glutamat wird als Neurotransmitter in den synaptischen Spalt ausgeschüttet.,Glutamat wird als Neurotransmitter in den synaptischen Spalt ausgeschüttet.
- ungleiche Möglichkeiten von Bevölkerungsgruppen an ein vorteilhafte,- ungleiche Möglichkeiten von Bevölkerungsgruppen an ein vorteilhafte
Messung von Experimentellen Effekten,Messung von Experimentellen Effekten
hat die Kartoffel mit Ohren eine Temperatur von 37°C und die,hat die Kartoffel mit Ohren eine Temperatur von 37°C und die
"Da soß er am Fenster, das woar seine Guelle,","Da saß er am Fenster, das war seine Quelle,"
Energiefluss bezeichnet die Weitergabe von Energie über Energiewandier.,Energiefluss bezeichnet die Weitergabe von Energie über Energiewandler.
"Durch Umweltkatastrophen und Kriege ist es möglich, dass die Menschen nur","Durch Umweltkatastrophen und Kriege ist es möglich, dass die Menschen nur"
- Scancode wird anschließend ausgebesen,- Scancode wird anschließend ausgelesen
haben,haben
Maschinelles Lernen revolutioniert Terckndogie.,Maschinelles Lernen revolutioniert Technologie.
KI ermöglicht Robotik in der Fertigung.,KI ermöglicht Robotik in der Fertigung.
Studenten nehmen an Forschungsprojekten teil.,Studenten nehmen an Forschungsprojekten teil.
Int : ganze Zahl,Int : ganze Zahl
"- Hoffnung, dass Verlierer die Kosten abbezahlen","- Hoffnung, dass Verlierer die Kosten abbezahlen"
Am 8 und 9ten November 38 waren fast alle,Am 8 und 9ten November 38 waren fast alle
- Gesamtlogik gestört ist,- Gesamtlogik gestört ist
Auf dünnem Eis kann man leicht einbrechen.,Auf dünnem Eis kann man leicht einbrechen.
Ersteller eines Pflichtenhefts:,Ersteller eines Pflichtenhefts:
Unterschiede von Röntgen - Strahlung und Phosphoreszenz / Fluoreszenz,Unterschiede von Röntgen - Strahlung und Phosphoreszenz / Fluoreszenz
Outsorcing:,Outsorcing:
-> Austausch der beteiligten Branchen der Automobilwirtschaft,-> Austausch der beteiligten Branchen der Automobilwirtschaft
- Enjambements zur Betonung / Verknüpfung von Inhalt,- Enjambements zur Betonung / Verknüpfung von Inhalt
- beteiligte Benutzergruppen und deren Zugriffsrechte,- beteiligte Benutzergruppen und deren Zugriffsrechte
"0, 999999991 c (Proton im Kern)","0,999999991c (Proton im Kern)"
Die Sonne scheint hell am Himmel.,Die Sonne scheint hell am Himmel.
Wie die Wissenschaft nach Gott sucht 13.2. 2023,Wie die Wissenschaft nach Gott sucht 13.2.2023
-> Sind Akteure Personen?,-> Sind Akteure Personen?
- Gemeinsamkeit:,- Gemeinsamkeit:
- Verbindung von Terminals mit dem Haupthaten,- Verbindung von Terminals mi dem Haupthafen
Gastvortäge bieten Einblieke in aktuelle Forschung.,Gastvorträge bieten Einblicke in aktuelle Forschung.
- Innenpolitik: Def.,- Innenpolitik: Def.
-> An welchen Arbeitsabläufen wirken sie mit?,-> An welchen Arbeitsabläufen wirken sie mit?
die Stichprobe.,die Stichprobe.
- Demokratie als eine bestimmte Form formeller und informeller Organisation,- Demokratie als eine bestimmte Form formeller und informeller Organisation
zeitig,zeitig
"- ist auf einen bestimmten Bereich beschränkt, in dem die Herrschaft anerkuntist","- ist auf einen bestimmten Bereich beschränkt, in dem die Herrschaft anerkannt ist."
- Soziale Marktwirtschaft als Leitbild / Sozialversicherungen,- Soziale Marktwirtschaft als Leitbild / Sozialversicherungen
Die Eule fliegt lautlos durch die Nacht.,Die Eule fliegt lautlos durch die Nacht.
Abschlussfeiern markieren den Studienabschluss.,Abschlussfeiern markieren den Studienabschluss.
und er hat kleine Ohren da es in Kanada kalt ist und er,und er hat kleine Ohren da es in Kanada kalt ist und er
-> entscheidet über Bundesrat und Reichstag,-> entscheidet über Bundesrat und Reichstag
-Gebrauch von Typologien und Idealtypen,Gebrauch von Typologien und Idealtypen
7. Was ist das Ziel dieses Vorganges?,7. Was ist das Ziel dieses Vorganges?
private Haushalte produzieren für ihren Eigenbedarf,private Haushalte produzieren für ihren Eigenbedarf
"Verhältnis der Herrschaftsträger zu den Herrschaftsunterworfenen.""","Verhältnis der Herrschaftsträger zu den Herrschaftsunterworfenen."""
Zusätzlich ist der Weg zur Mehrsprachigkeit,Zusätzlich ist der Weg zur Mehrsprachigkeit
anwendbar sind,anwendbar sind.
Technische Rahmenbedingungen:,Technische Rahmenbedingungen:
"Sees, im Hinterland und im Wassereinzugsgebiet. Für das Jahr 2025 werden","Sees, im Hinterland und im Wassereinzugsgebiet. Für das Jahr 2025 werden"
Ohren damit er die Wärme die es im Süden von Nordamerika,Ohren damit er die Wärme die es im Süden von Nordamerika
- Messbar sein,- Messbar sein
Ein Gedanke steigt.,Ein Gedanke steigt.
Messung über mehrene Zeitpunkte möglich,- Messung über mehrere Zeitpunkte möglich
- an der Emscher,- an der Emscher
16. Konsistenz Use-Case-Diagramm und Schablone,16. Konsistenz Use-Case-Diagramm und Schablone
3) Distigmin ist ähnlich aufgebaut wie Acetylcholin und braucht lange,3) Distigmin ist ähnlich aufgebaut wie Acetylcholin und braucht lange
- Tochterzellen durch das Crossing-0er in der Metaphase 1 genetisch unterschiedlich,- Tochterzellen durch das Crossing-Over in der Metaphase 1 genetisch unterschiedlich
Progressive Universalpoesie (Verschiedene Gattungen),Progressive Universalpoesie (Verschiedene Gattungen)
Zum Schluss spricht die Autorin eine Warnung,Zum Schluss spricht die Autorin eine Warnung
Jedes Objekt einer Klasse hat einen eigenen Zustand (eigene Objekt- oder Instanzvariablen oder,Jedes Objekt einer Klasse hat einen eigenen Zustand eigene Obekt oder Instanzvariablen oder
-Ausprägung eines Merkmals: Inhalt der Messung,Ausprägung eines Merkmals: Inhalt der Messung
- Politische Theorien haben einen Zeitkern,- politische Theorien haben einen Zeitkern
(dieses Knotens) weiter aufgeteilt werden,(dieses Knotens) weiter aufgeteilt werden
begab sich gleich wieder auf die Wanderung. Doch seine Frei -,begab sich gleich wieder auf die Wanderung. Doch seine Frei-
"Kartoffel ohne Ohren eine Temperatur von 43°C. Dies zeigt, das","Kartoffel ohne Ohren eine Temperatur von 43°C. Dies zeigt, das"
ummer warm,- immer warm
Skulpturen beeindrucken durch ihre Formen.,Skulpturen beeindrucken durch ihre Formen.
Hier steht ganz schön viel Text.,Hier steht ganz schön viel Text.
- Internationale Beziehungen,- Internationale Beziehungen
1) Alternativen,1) Alternativen
- Cash Crops Anban -> export,- Cash Crops Anbau -> export
- 25% des Getreides kommt aus der Ukraine 800 Mio Dolkar,- 25% des Getreides kommt aus der Ukraine 800 Mio Dollar
Programmierwettbewerbe fördern Talente.,Programmierwettbewerbe fördern Talente.
Misserfolgsszenario: 1. Tabelle beinhaltet fehlerhafte Eigenschaften,Misserfolgsszenario: 1. Tabelle beinhaltet fehlerhafte Eigenschaften
einer erkenntnistheoretischen Grundlagenkrise der modernen Naturwissenschaften,einer erkenntnistheoretischen Grundlagenkrise der modernen Naturwissenschaften
da Brecht sich direht auf die Gesellschaft bezicht,da Brecht sich direkt auf die Gesellschaft bezieht
"3. Man sollte das Phänomen metrisch messen, weil","3. Man sollte das Phänomen metrisch messen, weil"
-> kurzgeschlossener Nährstoffkreislauf,- kurzgeschlossener Nährstoffkreislauf
im diesen Auszug befindet. Sie lügt ihre,im diesen Auszug befindet. Sie lügt ihre
gegen eine Plämwirtschaft entschieden und,gegen eine Planwirtschaft entschieden und
Forschungsfragen,Forschungsfragen
C= Konstant,C = Konstant
6. Sicherheitstest,6. Sicherheitstest
- Grundidee: endlose Kette von Versuchen zur Bewältigung von,- Grundidee: endlose Kette von Versuchen zur Bewältigung von
Selbstvertrauen,Selbstvertrauen
so weniger Wärme über seine kleinen Ohren verliert.,so weniger Wärme über seine kleinen Ohren verliert.
und man keinem bei seinem Gottesbild beeinflussen sokte. Auch wenn,und man keinem bei seinem Gottesbild beeinflussen sollte. Auch wenn
4. Konstruktivismus,4. Konstruktivismus
Sozialstaat:,Sozialstaat:
Tanzvorführungen zeigen die Vielfalt der Tanzkunst.,Tanzvorführungen zeigen die Vielfalt der Tanzkunst.
- viele resistente Kolonien bei der 2-fachen Aufteilung,- viele resistente Kolonien bei der 2-fachen Aufteilung
sympatrische Artbildung:,sympatrische Artbildung:
- untereinander helfen,- untereinander helfen
"""Momenlaufnahme bzw. Schnappschuß des Systems""",Momentaufnahme bzw. Schnappschuß des Systems
- Mills Methode der Übereinstimmung,- Mills Methode der Übereinstimmung
- Parameter einer Spalte: default value,- Parameter einer Spalte: default value
jeweils einer rhetorischen Frage die das,jeweils einer rhetorischen Frage die das
-> Lieferverzögerungen führen zu Strafzahlungen,-> Lieferverzögerungen führen zu Strafzahlungen
Der lokale Zoo hat einen neuen Tiger bekommen.,Der lokale Zoo hat einen neuen Tiger bekommen.
Mobile Apps erleichtern den Alftag.,Mobile Apps erleichtern den Alltag.
Techniken,Techniken
Lwei Semerkaungen vorlueg.n,Zwei Bemerkungen vorweg....
"- Versäumnisse in Politik, Gesellschaft, Justiz","- Versäumnisse in Politk, Gesellschaft, Justiz"
Die Sonne scheint am Himmel.,Die Sonne scheint am Himmel.
und kleine Zelen verwendet.,und kleine Zellen verwendet.
Vorbereitung und zur Herstellung gesamt gesellschaftlich,Vorbereitung und zur Herstellung gesamt gesellschaftlich
- Kontrollorgan,- Kontrollorgan
mit das er seine Manuskripte verbrannt hat. Danach kommt,mit das er seine Manuskripte verbrannt hat. Danach kommt
"Kataboler Stoffwechsel ist ein Stoffwechselprozess, bei dem energiereiche organische","Kataboler Stoffwechsel ist ein Stoffwechselprozess, bei dem energiereiche organische"
stellt und dabei besonders auf die Existenz,stellt und dabei besonders auf die Existenz
selten unter 70 Praszent,selten unter 70 Prozent
sie könnte ihr niemals verzeihen. Die Mutter,sie könnte ihr niemals verzeihen. Die Mutter
Prüfungen sind stressig für Studenten.,Prüfungen sind stressig für Studenten.
"- experimentelle Forschung: Rekrutierung der Probanden,",- experimentelle Forschung: Rekrutierung der Probanden
- Zeitablauf (im Gesellschaftsvertrag festgehalten),- Zeitablauf (im Gesellschaftsvertrag festgehalten)
Kollaborative Tools fördern Teamarbeit.,Kollaborative Tools fördern Teamarbeit.
liefert. Er möchte das er vielleicht von,liefert. Er möchte das er vielleicht von
Löschen Fremdschlüsselfeld auf default-Wert setzen,Löschen Fremdschlüsselfeld auf default - Wert setzen
Ich möchte einen Kaffee mit Milch.,Ich möchte einen Kaffee mit Milch.
Der Literat Lessing,Der Literat Lessing
auf die Gestaltung des betriebliden Transformationsprozesses,auf die Gestaltung des betrieblichen Transformationsprozesses
- 20% der Jugendlichen sind arbeitslos,- 20 % der Jugendlichen sind arbeitslos
Konfererzen ermöglichen den Austausch mit Experten.,Konferenzen ermöglichen den Austausch mit Experten.
von 2500-499 m^3 pro Person und Jahr. Im Jahr 2000 gab es nur noch,von 2500-4999 m^3 pro Person und Jahr. Im Jahr 2000 gab es nur noch
Kollogusen bieten Gelegenheit zur Präsentation.,Kolloquien bieten Gelegenheit zur Präsentation.
Trennung von Formatierung & hrhalt,Trennung von Formatierung & Inhalt
- Festlegung nur von der Signatur,- Festlegung nur von der Signatur
werden,werden
- Qualitativ & Quantitativ,- Qualitativ & Quantitativ
"Zeit gestellt. Wird ein Reiz wahrgenommen, kommt es so zur Depolarisierung","Zeit gestellt. Wird ein Reiz wahrgenommen, kommt es so zur Depolarisierung"
E-Learning-Plattformen bieten flamible Lernmöglichkeiten.,E-Learning-Plattformen bieten flexible Lernmöglichkeiten.
"für Presse- und Versammlungsfreiheit, eine Bürgerarmee mit gewählten Offizieren","für Presse- und Versammlungsfreiheit, eine Bürgerarmee mit gewählten Offizieren"
Im folgenden werde ich mit dem Material 1 und dem Atlas den,Im folgenden werde ich mit dem Material 1 und dem Atlas den
-> Herstellung von Palmöl,-> Herstellung von Palmöl
zwei Weltsichten. Die eine ist das Eigeninteresse,zwei Weltsichten. Die eine ist das Eigeninteresse
"- 3a, 3b = Overcoverage","- 3a, 3b: Overcoverage"
Rechtansprich auf eine fristgeredte Rückzallung des Kredits,Rechtanspruch auf eine fristgerechte Rückzahlung des Kredits
- Integer oder Float,Integer oder Float
Das Lamm hüpft über die Wiese.,Das Lamm hüpft über die Wiese.
"ein klares Ziel haben, aber sich auch der","ein klares Ziel haben, aber sich auch der"
Die Qualle treibt durch das Neer.,Die Qualle treibt durch das Meer.
ist Ort für alle Menschen sich politisch zu beteiligen,ist Ort für alle Menschen sich politisch zu beteiligen
"- Ökologie: globale UmweltproblemelOzonenlich), - Herausbildung einer Weltrisike gesellschaft","- Ökologie: globale Umweltprobleme (Ozonenloch), - Herausbildung einer Weltrisikogesellschaft"
"Szenarios, die eine erfolgreiche Bearbeitung des Geschäftsprozesses beschreiben","Szenarios, die eine erfolgreiche Bearbeitung des Geschäftsprozesses beschreiben"
Ich zwei wandernde Gesellen. Diese. ziehen,Ich zwei wandernde Gesellen. Diese ziehen
- Zunahme der Bevölkerung in ärmeren Ländern,- Zunahme der Bevölkerung in ärmeren Ländern
- Bedingung,- Bedingung
Fachliteratur ist eine wichtige Ressource.,Fachliteratur ist eine wichtige Ressource.
Ich würde heute meine Oma besuchen gehen.,Ich würde heute meine Oma besuchen gehen.
46 km3 / Jahr Wasser auf durch Niederschlag über dem See und,46 km^3/Jahr Wasser auf durch Niederschlag über dem See und
-> nur extreme Merkmale,-> nur extreme Merkmale
Gesellschaft eingebracht z.B Organisation,Gesellschaft eingebracht z.B Organisation
Penetrationstest,Penetrationstest
"und Erziehung, politische Meinungs- und Willensbildung","und Erziehung, politische Meinungs- und Willensbildung"
1. Berechne eine (Zufällge) Schatzung für ,1. Berechne eine (zufällige) Schätzung für 0
wird durch Zufall gezogen und Inferenz ziehen,wird durch Zufall gezogen und Inferenz ziehen
- wenig Beschreibungen und Reflexionen,- wenig Beschreibungen und Reflexionen
- Designation durch die Gefolgschaft,- Designation durch die Gefolgschaft
Nr. 1,Nr. 1
angrenzenden Bereichen der Dienstklasse und des Mittelstandes. Außerdem ist die,angrenzenden Bereichen der Dienstklasse und des Mittelstandes. Außerdem ist die
Maximaler Abstand zwischen 2 vergebenen Kodes,Maximaler Abstand zwischen 2 vergebenen Kodes
AES,AES
"im Bereich Kirche, Wissentschaft","im Bereich Kirche, Wissentschaft"
Wegen den Klängen und nicht der Bedeutung,Wegen den Klängen und nicht der Bedeutung
Die Szene spielt am Ende des Dramas.,Die Szene spielt am Ende des Dramas.
Viele Standard Operatoren vordefiniert (W,Viele Standard Operatoren vordefiniert
"- Bei der Benutzungsoberfläche wird festgelegt, in welchem Format wie sie dargestellt werden","Bei der Benutzeroberfläche wird festgelegt, in welchem Format wie sie dargestellt werden"
Werte bleiben über mehrere Ausführungen des Gruphen erhalten,Werte bleiben über mehrere Ausführungen des Graphen erhalten
betont nochmals die Hingabe und Verführung,betont nochmals die Hingabe und Verführung
"- Demokratieförderung, Menschenrechte, Wirtschafts-","- Demokratieförderung, Menschenrechte, Wirtschafts -"
Keine zwei Objekte besitzen dieselbe Identität,Keine zwei Objekte besitzen dieselbe Indentität
Hast du meinen Hund gesehen?,Hast du meinen Hund gesehen?
Der Circus baut heute ein großes Zelt auf.,Der Circus baut heute ein großes Zelt auf.
Ein Lied erklingt.,Ein Lied erklingt.
Ausgangspunkt von Machtbildungsprozessen:,Ausgangspunkt von Machtbildungsprozessen:
Stoff- und Energieumwandlung 3.11.2023,Stoff- und Energieumwandlung 3.11.2023
- Einzeltestfallspezifikation laut Plan,- Einzeltestfallspezifikation laut Plan
- Hälfte des Gemüses wird zum Großteil nach Europa exportiert,- Hälfte des Gemüses wird zum Großteil nach Europa exportiert
bearbeitet die UWL,bearbeitet die VWL
Datentyp verwendet werden,Datentyp verwendet werden
3. nach der Beuglichkeit,3. nach der Beweglichkeit
1. Gewinn- und Nutzenmaximierung,1. Gewinn- und Nutzenmaximierung
sie selber kein / nur wenig Geld verdienen.,sie selber kein / nur wenig Geld verdienen.
Datenschutz gewährleistet Privatsphäre.,Datenschutz gewährleistet Privatsphäre.
- Bildung der Likert-Skala: - Auswahl einer großen Anzahl von,- Bildung der Likert-Skala: - Auswahl einer großen Anzahl von
- Validität von Experimenten,- Validität von Experimenten
"- Bau neuer Gebäude, Gestaltung von Wirtschaftsstandorten,","- Bau neuer Gebäude, Gestaltung von Wirtschaftsstandorten,"
Welche Methoden fremder Klassen sind in einer vorgegebenenen Klasse bekannt?,Welche Methoden fremder Klassen sind in einer vorgegebenen Klasse bekannt?
auf der gleichen Fläche mehr produziert werden kann.,auf der gleichen Fläche mehr produziert werden kann.
"- Er ""entschuldigt"" sich nicht direkt bei dir","- Er ""entschuldigt"" sich nicht direkt bei dir"
"Def (Weber): ""Macht bedeutet 1. jede Chance.","- Def (Weber): ""Macht bedeutet 1. jede Chance,"
sehr einfach zu berechnen,sehr einfach zu berechnen
"Jetzt verdeutlichen die Autoren, wie mächtig","Jetzt verdeutlichen die Autoren, wie mächtig"
Form eines Untersuchungsdesigns,Form eines Untersuchungsdesings
- Vollendung am 12. Seplember 1990 in Moskau,- Vollendung am 12. September 1990 in Moskau
Also: Typ der Variable wird dynamisch entschieden.,Also : Typ der Variable wird dynamisch entschieden.
- Widerlegbar: keine über die Zukunft,- Widerlegbar: keine über die Zukunft
"in der Darstellung von Gottes Kampf mit Jakob, da Jakob erst im Rückblick erkennt","in der Darstellung von Gottes Kampf mit Jakob, da Jakob erst im Rückblick erkennt"
(Mögliche) Nachteile:,(Mögliche) Nachteile:
- Logik keine Rolle,- Logik keine Rolle
Außerdem kann sie nur durch manifeste Variablen direkt gemessen werden.,Außerdem kann sie nur durch manifeste Variablen direkt gemessen werden.
Bei anabolen Stoffwechselwegen werden organische en Matiomoleküle aufgebaut.,Bei anabolen Stoffwechselwegen werden organische Makromoleküle aufgebaut.
Der Reiz wird weitergeleitet in die Muskelfaser und dort kommt es zu,Der Reiz wird weitergeleitet in die Muskelfaser und dort kommt es zu
Nr. 1,Nr.1
- subtropisch warm und trodken,- subtropisch warm und trocken
Minimierung von Kostentunktionen,Minimierung von Kostenfunktionen
Bohr entdeckte zwei unterschiedliche Theorien wie sich Licht bewegt.,Bohr entdeckte zwei unterschiedliche Theorien wie sich Licht bewegt.
-> Soft-Margin Classifier,-> Soft Margin Classifier
- Funktionen von Parteien,- Funktionen von Parteien
damit mehr Menschen Bus fahren und,damit mehr Menschen Bus fahren und
welche Methoden oder Funktionen sollte im OOD Modell vorhanden sein.,Welche Methoden oder Funktionen sollte im OOD Modell vorhanden sein.
"""Das Herz mir im Leib entbrennte"" Diese","""Das Herz mir im Leib entbrennte"". Diese"
Eine dritte Station des europäischen Integrationsprozesses ist der,Eine dritte Station des europäischen Integrationsprozesses ist der
Ebene existiert und jenseits menschlicher Vorstellungskraft ist. Außerdem meint er das Gottes,Ebene existiert und jenseits menschlicher Vorstellungskraft ist. Außerdem meint er das Gottes
Inspiration Natur Urlaub oder Freizeit,Inspiration Natur Urlaub oder Freizeit
minimale Auswirkungen auf das Ergebnis hat.,minimale Auswirkungen auf das Ergebnis hat.
Selbstbewusstsein,Selbstbewusstsein
Ein Schmettesling tanzt.,Ein Schmetterling tanzt.
soziale und wirtschaftliche Folgen dieser Entwicklung,soziale und wirtschaftliche Folgen dieser Entwicklung
abgeschnürrt. Die motorischen Nerven der Beinmuskulatur werden dabei verschont.,abgeschnürt. Die motorischen Nerven der Beinmuskulatur werden dabei verschont.
- Kostenbse Anlieferung,- kostenlose Anlieferung
- Konstruktivismus,- Konstruktivismus
sie direkt an und will sie keimführen.,sie direkt an und will sie heimführen.
vor dem Alltag. Außerdem gibt es einem ein gutes Gefühl einfach met,vor dem Alltag. Außerdem gibt es einem ein gutes Gefühl
gehören keiner Religion und und deshalb gebt es auch,gehören keiner Religion an und deshalb gibt es auch
"Investitionsarten: - Sachinvestition (Maschinen, Gebäude etc.)","Investitionsarten: - Sachinvestition (Maschinen, Gebäude etc.)"
- Gleiche Informationen befinden sich häufig an verschiedenen stellen,- Gleiche Informationen befinden sich häufig an verschiedenen Stellen
Rust bietet Speichersicherhert ohne Garbage Collection.,Rust bietet Speichersicherheit ohne Garbage Collection.
"über dem Meeresspiegel. Die Durchschnittstemperatur liegt bei 29,4°C am Tschadsse.","über dem Meeresspiegel. Die Durchschnittstemperatur liegt bei 29,4°C am Tschadsee."
KI entwickelt autonome Fahrzeuge.,KI entwickelt autonome Fahrzeuge.
Sozial Media prägt unser soziales Leben.,Social Media prägt unser soziales Leben.
- Mount Everest Besteigung ist wesentlich teurer als M2,- Mount Everest Besteigung ist wesentlich teurer als M2
- Imperialismus ein Grund für den ersten Weltkrieg,- Imperialismus ein Grund für den ersten Weltkrieg
Kritisierbar,Kritisierbar
"- Republilkk wird ausgerufen in Baden, werden von Bundes Rebellen überrascht","- Republik wird ausgerufen in Baden, werden von Bundes Rebellen überrascht"
Gründe für die Veränderung des Inspektors:,Gründe für die Veränderung des Inspektors:
- cA-Achse in gleicher Einheit,- ct-Achse in gleicher Einheit
Hypothesen,Hypothesen
Mengeneinheit,Mengeneinheit
hame damit Frame Verweise,name damit Frame Verweise
- Konfessionskrieg zwischen Katholiken und Protestanten,- Konfessionskrieg zwischen Katholiken und Protestanten
sobald Nall in die Flamme gehalten wird.,sobald NaCl in die Flamme gehalten wird.
- Auflösungsgründe -> wie OHG,- Auflösungsgründe -> wie OHG
"hält, damit er von dem Europäern als ein","hält, damit er von den Europäern als ein"
Medizinische IT-Aufbau-fehlt,Medizinische IT-Ausbau fehlt
und we sehr die Arbeiter ausgebeutet werden,und wie sehr die Arbeiter ausgebeutet werden
Betrachtung aus Sicht der Anwender,Betrachtung aus Sicht der Anwender
- Durch die Lorentzkraft dreht sich der Elektromotor,- Durch die Lorentzkraft dreht sich der Elektromotor
dass dies nur ein Drama ist. Brecht versucht,dass dies nur ein Drama ist. Brecht versucht
=> Unterschied zu Parteien: streben Beteiligung an Regierungsverantwortung,=> Unterschied zu Parteien: streben Beteiligung an Regierungsverantwortung
"Nomhinal (kategorisch): keine Ordnung der Werte (Bäcker, Banker, Busfahrer, ...)","Nominal (kategorisch): keine Ordnung der Werte (Bäcker, Banker, Busfahrer, ...)"
eines Wertes erstellt,eines Wertes erstellt.
- ML - Frameworks optimieren die Mini-Batch Große für Hardware,- ML-Frameworks optimieren die Mini-Batch Größe für Hardware
Die Wunder Jesu 11.1.2024,Die Wunder Jesu 11.1.2024
Mit dem Autsantritt Erich Honeckers führte,Mit dem Amtsantritt Erich Honeckers führte
Data Mining,Data Mining
"- Langzeitarbeitslose brauchen intensivierte, individuelle Betreuung und zielgerichtete","- Langzeitarbeitslose brauchen intensivierte, individuelle Betreuung und zielgerichtete"
die andere ist die Solidarische bei denen,die andere ist die Solidarische bei denen
Gegenposition der Nativisten: angeborene,Gegenposition der Nativisten : angeborene
Verantwortlichkeit -> Wer ist für was zuständig?,Verantwortlichkeit -> Wer ist für was zuständig?
wissenschaftliche Auseinandersetzung politischer Individuen,wissenschaftliche Auseinandersetzung politischer Individuen
Abweichungen von der Vorkussage (= Tehler) sollten unabhängig vom Wertebereich gewichtet werden,Abweichungen von der Vorhersage (=Fehler) sollten unabhängig vom Wertebereich gewichtet werden
- Semaphor gibt an wie viele Threds arbeiten,- Semaphor gibt an wie viele Threds arbeiten
Testmethoden,Testmethoden
Wie hoch ist das Eigenkapital nach Verlustübernahme,wie hoch ist das Eigenkapital nach Verlustübernahme
Glucoselösung. Kurve 3 steigt nicht so schnell an und steigt auch nur auf circa 10mV,Glucoselösung. Kurve 3 steigt nicht so schnell an und steigt auch nur auf circa 10mV
Ein Duft erinnert.,Ein Duft erinnert.
-> niedrige Mieten,-> niedrige Mieten
"- nicht friedlich verhandelt, komplex und anspruchsvolle Verhandlungen","- nicht friedlich verhandelt, komplex und anspruchsvolle Verhandlungen"
Kinder lernen einen großen Teil ihrer Sprache,Kinder lernen einen großen Teil ihrer Sprache
1. Synthetische Evolutionstheorie,1. Synthetische Evolitionstheorie
Vorteil: viel Zeigem mit wenig Fällen,Vorteil: viel Zeigen mit wenig Fällen
- Zeit ist allgegenwärtig,- Zeit ist allgegenwärtig
in der UML beginnen Attributnamen generell mit einem Kleinbuchstaben,in der UML beginnen Attributnamen generell mit einem Kleinbuchstaben
durch Messung ins numerisches Relativ gebracht,durch Messung ins numerische Relativ gebracht
- Umerziehung zum sozialismus hin,- Umerziehung zum Sozialismus hin
eigenen Land nicht mehr wohl. Da sieht,eigenen Land nicht mehr wohl. Da sieht
- Machtausülung nach Weber ist eine Zwischenmenschliches Phänomen,- Machtausübung nach Weber ist eine Zwischenmenschliches Phänomen
- Nördlich des Schlosses erstreckte sich der weitläufige Schlossgarten,- Nördlich des Schlosses erstreckte sich der weitläufige Schlossgarten
- i.d.R. aus mehreren Personen besthend,- i.d.R. aus mehreren Personen bestehend
hin - und herbewegt entstehen Stromstöße,hin- und herbewegt entstehen Stromstöße
"=> Eine Ursache ist also immer eine Teil-Bedingung, damit","=> Eine Ursache ist also immer eine Teil-Bedingung, damit"
- hohe Lebenserwartung,- hohe Lebenserwartung
Prozess der demografischen Alterung:,Prozess der demografischen Alterung:
- Darsteltung des Zusammenwirkens mit anderen Produkten,- Darstellung des Zusammenwirkens mit anderen Produkten
zu weniger Konflikten zwischen Arm und Reich kommt.,zu weniger Konflikten zwischen Arm und Reich kommt.
- Kausale Aussagen nur Theoretisch möglich (nicht 100% möglich),- Kausale Aussagen nur Theoretisch möglich (nicht 100% möglich)
Übermorgen ist ein Feiertag.,Übermorgen ist ein Feiertag.
in das Ende der Handlung einordnen. Die Mutter,in das Ende der Handlung einordnen. Die Mutter
"- Die Aussage stellt dar, dass das Land selber entscheiden kann, wie es","- Die Aussage stellt dar, dass das Land selber entscheiden kann, wie es"
"b.) 1970 waren es ca. 6,8 Mio. Besucher versechstfacht","b.) 1970 waren es ca. 6,8 Mio. Besucher versechsfacht"
"Kann helfen, Iokale Minima zu ""überspringen""","Kann helfen, lokale Minima zu ""überspringen"""
- Jedes Objekt wird dargestellt durch,- Jedes Objekt wird dargestellt durch
so groß als die Oberflüche der roten Blutkörperchen,so groß als die Oberfläche der roten Blutkörperchen
dieser Wege ein guter bzw erstrebenswerter,dieser Weg ein guter bzw erstrebenswerter
Die Massenausreise sei dafür der Beleg und,Die Massenausreise sei dafür der Beleg und
- Anzahl der Gründer 31,- Anzahl der Gründer >1
Die Schüler lernen gemeinsam für Prüfungen.,Die Schüler lernen gemeinsam für Prüfungen.
"bild oder Signifikant ist der Begriff, dem","bild oder Signifikant ist der Begriff, dem"
Lineare Klassifikation,Lineare Klassifikation
"für die Sprache ist uand diese Hälfte nicht entwickelt ist, ist sie","für die Sprache ist und diese Hälfte nicht entwickelt ist, ist sie"
- Kampf um ein weibliches Tier mit aktiver Wahl des Weibchens,- Kampf um ein weibliches Tier mit aktiver Wahl des Weibchens
Die Hummel summt von Blüte zu Blüte.,Die Hummel summt von Blüte zu Blüte.
- Nationsbildung,- Nationsbildung
den Taxt schnige ich woch,Den Text schicke ich nach
Praktika bieten Einblicke in die Praxis.,Praktika bieten Einblicke in die Praxis.
"Gliederung, Aufbau, Anordnung der Elemente = Strukturen","Gliederung, Aufbau, Anordnung der Elemente = Strukturen"
Durch Reime und alter Sprache wird über Themen geredet die sonst nicht im Altagsind.,Durch Reime und alter Sprache wird über Themen geredet die sonst nicht im Alltag sind.
Zuuerlässigkeit,Zuverlässigkeit
"=> Gott ist nur für die Reichen da, die Armen hat er vergessen","=> Gott ist nur für die Reichen da, die Armen hat er vergessen"
Ein Traum erwacht.,Ein Traum erwacht.
"- Reise nach Frankfurt, Regierung einsetzen","- Reise nach Frankfurt, Regierung einsetzen"
"3.) Sie haben die Erkenntnis gewonnen, dass wenn sie die gewonnenen","3.) Sie haben die Erkenntnis gewonnen, dass wenn sie die gewonnenen"
"Nachrichten aus Paris -> Demonstrationen, Versammlungen im Frühjahr 1848","Nachrichten aus Paris -> Demonstrationen, Versammlungen im Frühjahr 1848"
Hoover Damm gebaut lake Meadz,Hoover Damm gebaut Lake Mead
7. Nur wenn Gruppen interessieren Innerhalb der Gruppe,7. Nur wenn Gruppen interessieren. Innerhalb der Gruppe
verfassen nun Reiseberichte,verfassen nun Reiseberichte
"- zu testende Systeme, Teilsysteme, Klassen","- zu testende Systeme, Teilsysteme, Klassen"
- Teile jeweils einem zufällig ausgesuchten Person der,- Teile jeweils einer zufällig ausgesuchten Person der
Die detaillierte Beschreibung der äußeren Umgebung sowie die des Sanatoriums,Die detaillierte Beschreibung der äußeren Umgebung sowie die des Sanatoriums
"- 2GOs = UN, EU, IWF(gemeinsame Regeln, + Vertrag)","- GOs = UN, EU, IWF (gemeinsame Regeln, + Vertrag)"
Studenten nehmen an Campus-Touren teil.,Studenten nehmen an Campus-Touren teil.
"- ""Fertige"" Prozesse geben den Speicher wieder frei","- ""Fertige"" Prozesse geben den Speicher wieder frei"
den dort lebenden stämmen,den dort lebenden Stämmen
Das Känguru hüpft über die Wiese.,Das Känguru hüpft über die Wiese.
Durch die Reiseberichte kam es aber auch zu,Durch die Reiseberichte kam es aber auch zu
findet man in der Organisationsberatung.,findet man in der Organisationsberatung
- Wirtschaftswachstum trotz bürokratischen Hürden,- Wirtschaftswachstum trotz bürokratischen Hürden
lyrischen Ich kommen die Tränen wenn es,lyrischen Ich kommen die Tränen wenn es
- Auch die Einheit Deutschlands zu vollenden,- Auch die Einheit Deutschlands zu vollenden
Begriffe,Begriffe
Studenten kämpflen mit Prüfungsangst.,Studenten kämpfen mit Prüfungsangst.
"Zudem kritisiert er Pinker, damit er glaubwürdig wirkt. Jedoch betont er das","Zudem kritisiert er Pinker, damit er glaubwürdig wirkt. Jedoch betont er das"
Die Europäer nutzten die Reiseberichte um ihre,Die Europäer nutzten die Reiseberichte um ihre
"char (20) auf 20 stellen, auch wenn nur 7 Stellen benutzt sind).","char (20) auf 20 Stellen, auch wenn nur 7 Stellen benutzt sind!"
Fachschaften organisierer studentische Angelegenheiten.,Fachschaften organisieren studentische Angelegenheiten.
Sparen ist eine kluge Entscheidung.,Sparen ist eine kluge Entscheidung.
-Datacenter / Schvers -> Tensorflow,Datacenter / Servers -> Tensorflow
Cloud-Computing bietet flexible Ressourcen.,Cloud-Computing bietet flexible Ressourcen.
reden. Letzendlich ließ er den König eine Chance sich zu unterwerfen.,reden. Letztendlich ließ er den König eine Chance sich zu unterwerfen.
"Aufgaben rechnen zu den Zahlensystemen,","Aufgaben rechnen zu den Zahlensystemen ,"
-Auswertung nach Kategorien (qualitativ): Kontext,Auswertung nach Kategorie (qualitativ): Kontext
- 700 000 Auswanderer drang nach Freiheit -> nach Amerikan,- 700000 Auswanderer drang nach Freiheit -> nach Amerika
- 8 Magnetspulen sollen die Anwesenheit durch Gehirnströme beweisen,- 8. Magnetspulen sollen die Anwesenheit durch Gehirnströme beweisen
- Arten von Hypothesen:,- Arten von Hypothesen:
- Aus den übrigen Gruppen in der Zwischenstichprobe wird durch,- Aus den übrigen Gruppen in der Zwischenstichprobe wird durch
"sich getäuscht von Anfang an werden immer kleine Spannungen eingebaut, so das man immer neue","sich getäuscht von Anfang an werden immer kleine Spannungen eingebaut, so das man immer neue"
Standardtypen,Standardtypen
"wird deutlich, dass sie das lyrische Ich eher","wird deutlich, dass sie das lyrische Ich eher"
"2018 sind es cg. 42, 1Mo. Besucher","2018 sind es ca. 42,1Mio. Besucher"
- Wachstum in Industrie und Dietestleistungen,- Wachstum in Industrie und Dienstleistungen
- abgegrenzte Verantwortungsbereich,- abgegrenzte Verantwortungsbereich
"Geburtenhäufigkeit moderat, Lebenserwartung moderat, Wanderungssaldo niedrig","Geburtenhäufigkeit moderat, Lebenserwartung moderat, Wanderungssaldo niedrig"
- Verteilung der kontrolierten Drittvariablen muss gleich,- Verteilung der kontrolierten Drittvariablen muss gleich
-> laufende Verbesserung,-> laufende Verbesserung
Digit ale Kallender organiesieren den Zeitplan.,Digitale Kalender organisieren den Zeitplan.
3.) Klimaregel:,3.) Klimaregel:
Ich gehe morgen mit meinen Freunden ins Kino.,Ich gehe morgen mit meinen Freunden ins Kino.
- Am letzten Tag hat er geruht und war zu frieden,- Am letzten Tag hat er geruht und war zufrieden
Datenschutz gewährbistet Privatsphäre.,Datenschutz gewährleistet Privatsphäre.
- Hauptmerkmale d. Marktwistschaft,- Hauptmerkmale d. Marktwirtschaft
"A:  Finanzierungsarten: - Eigenf. Beteiligungsf., Außenf., Selbstf.","A: Finanzierungsarten: - Eigenf.: Beteiligungsf., Außenf., Selbstf."
Möchtest du einen Käsekuchen?,Möchtest du einen Käsekuchen?
Nr. 6,Nr. 6
"(z.B gleiche Anzahl an Personen mit niedrigem, mittleren und hohen Einkommen.)","(z.B gleiche Anzahl an Personen mit niedrigem, mittleren und hohen Einkommen)"
Fluoreszenz:,Fluoreszenz:
an die Weisung der Gesellschafter gebunden,an die Weisung der Gesellschafter gebunden
kommen und hat den Laden der Shen,kommen und hat den Laden der Shen
"- erst zur Laufzeit des Programms kann bestimmt werden, ob der Zeiger pGrafik bew. eineGrafk auf ein","- erst zur Laufzeit des Programms kann bestimmt werden, ob der Zeiger pGrafik bzw. eineGrafik auf ein"
"Ein Use Case ist eine Folge von Interaktionen, die ein Akteur mit einem System im Dialan, auführt","Ein Use Case ist eine Folge von Interaktionen, die ein Akteur mit einem System im Dialog ausführt."
- Aufruhen in Berlin gegen das Militär,- Aufruhen in Berlin gegen das Militär
Erkenntnisinterosse: Weltfrieden Weltfrieden,Erkenntnisinteresse: Weltfrieden Weltfrieden
Menschen festgelegt wurde.,Menschen festgelegt wurde.
- Einführung der D-Mark,- Einführung der D-Mark
- Tröptehenbewässerung -> trotzdem hoher Verbrauch,- Tröpfchenbewässerung -> trotzdem hoher Verbrauch
- kostenlose Renten für Staatsangehörige,- kostenlose Renten für Staatsangehörige
Meine braune Katze schläft gerade.,Meine braune Katze schläft gerade.
"effektiv, da alle 10 min ein Bas kommt => Benutzerfreundlich","effektiv, da alle 10min ein Bus kommt => Benutzerfreundlich"
homogene Güter Markt,homogene Güter Markt
Somit hat das EP auch eine Kontrollfunktion.,Somit hat das EP auch eine Kontrollfunktion.
zulassen -> Rücksprünge möglich,zulassen -> Rücksprünge möglich
- Leitfaden,- Leitfaden
Bei Geißler sind die Schichten durchlässiger geworden. Die Möglichkeit die Schicht,Bei Geißler sind die Schichten durchlässiger geworden. Die Möglichkeit die Schicht
"- Später verhält sich freundlich, macht Essen","- Später verhält sich freundlich, macht Essen"
- Nepal liegt nördlich von Indien und südlich von China,- Nepal liegt nördlich von Indien und südlich von China
Gegenstand: Weltgesellschaft Offenes multipolares Staatensystem,Gegenstand: Weltgesellschaft Offenes multipolares Staatensystem
Die Ameine trägt eine große Last.,Die Ameise trägt eine große Last.
In einer kurzen Einleitung werden die Grundlegenden,In einer kurzen Einleitung werden die Grundlegenden
Somit kann gezielt für ein Milieu Werbung entwickelt und pasitioniert werden.,Somit kann gezielt für ein Milieu Werbung entwickelt und positioniert werden.
Die Grille zirpt fröhlich im Gras.,Die Grille zirpt fröhlich im Gras.
"Der Mensch muss nie, kann aber immer gewaltsam handeln.","- Der Mensch muss nie, kann aber immer gewaltsam handeln."
Ich habe ein Boot mit dem ich gerne Angeln fahre.,Ich habe ein Boot mit dem ich gerne Angeln fahre.
=> Minimierung von Kosten und Unternehmensrisiken,=> Minimierung von Kosten und Unternehmensrisiken
-> Handel mit Wertpapieren,-> Handel mit Wertpapieren
Uneiverateiten beten viel Pältige Studeungäng,Universitäten bieten vielfältige Studiengänge.
zu jedem unddeswegen sollte man das Spiel,zu jedem und deswegen sollte man das Spiel
"Kriteriente"" zweiter Ordnung"" also einer Beobachtung von","Kriterien ""zweiter Ordnung"" also einer Beobachtung von"
"- Verhalten der Daten aus dem Anwendungsbereich (gegenseitige Abhängigkeiten von Daten, gemeinschaftliche","- Verhalten der Daten aus dem Anwendungsbereich (gegenseitige Abhängigkeiten von Daten, gemeinschaftliche"
IT-Stategie definiert langfrstige Ziele.,IT-Strategie definiert langfristige Ziele.
In der ersten Strophe wird über einen Mann,In der ersten Strophe wird über einen Mann
Ein Lied erklingt.,Ein Lied erklingt.
- Schuldenaufnahme,- Schuldenaufnahme
Umgang mit fehlenden Daten,Umgang mit fehlenden Daten
einen Factor,einen Factor
Der Löwe brüllt laut im Zoo.,Der Löwe brüllt laut im Zoo.
"die Spannung und so kann es zu einem Aktionspotential kommen,","die Spannung und so kann es zu einem Aktionspotential kommen,"
einfach darum ein Bezug von Religion zur Wirtschaft darzustellen. Die ganze Wissenschaft,einfach darum ein Bezug von Religion zur Wirtschaft darzustellen. Die ganze Wissenschaft
"sicheren Renten, Arbeitslosensicherung","sicheren Renten, Arbeitslosenversicherung"
entsteht große Verwirrung beim Kind.,entsteht große Verwirrung beim Kind.
es gibt zahlreiche Religionen.,... es gibt zahlreiche Religionen.
Das Modell wird auf Grundage eines (großen) Datensatzes trainiert,Das Modell wird auf Grundlage eines (großen) Datensatzes trainiert
HDI WBI HPI vergleichen,HDI WBI HPI Vergleichen
- Faktorielles Design,- Faktorielles Design
Studenten arkeiten an Gruppenprojekten.,Studenten arbeiten an Gruppenprojekten.
wurden,wurden
"den Mund der Person, die sich im Gerät befindet.","den Mund der Person, die sich im Gerät befindet."
Verantwortung für?,Verantwortung für
- Bewertung und Thema: Binäzahlen,- Bewertung und Thema : Binärzahlen
Art der Befragung,Art der Befragung
KI-basierte Dingnosemodelle unterstützenbeider Patientenvessrgung.,KI-basierte Diagnosemodelle unterstützen bei der Patientenversorgung.
Mitglied sein,Mitglied sein
Äpfel sind gesund und lecher.,Äpfel sind gesund und lecker.
"Zerstörung durgestellt und danach als Verzeiher, als Gnade. Dies sieht man","Zerstörung dargestellt und danach als Verzeiher, als Gnade. Dies sieht man"
und die Sinnlosigkeit dieser Orte. Die Worte,und die Sinnlosigkeit dieser Orte. Die Worte
Professoren halten Vorträge.,Professoren halten Vorträge.
Löhne sind innerhalh von 4Jahren stark,Löhne sind innerhalb von 4 Jahren stark
Campuspartys föndern soziale Kontekle.,Campuspartys fördern soziale Kontakte.
In der Mähle wird das Mehl gemahlen.,In der Mühle wird das Mehl gemahlen.
Tup wird nicht vom Programmierer bestimmt. PHP entscheidet.,Typ wird nicht vom Programmierer bestimmt. PHP entscheidet.
produzieren und bei der Energiegewinnung in einem Pumpspeicherkraftierk,produzieren und bei der Energiegewinnung in einem Pumpspeicherkraftwerk
Wofür ist die rechte Gehirnhälfte zuständig?,Wofür ist die rechte Gehirnhälfte zuständig?
möglichkeit Sachverhalt zu verhindern z.B Bundesrat zustimmungsgesetzte,möglichkeit Sachverhalt zu verhindern z.B Bundesrat Zustimmungsgesetzte
anderen war die Kriegsunterstützunneg in der,anderen war die Kriegsunterstützung in der
Bsp. Chemieunternehmen,Bsp. Chemieunternehmen
- hoher Luftdruc,- hoher Luftdruck
Morgen habe ich ein Vorstellungsgespräch.,Morgen habe ich ein Vorstellungsgespräch.
- Da sie deterministisch ist braucht man nur ein,- Da sie deterministisch ist braucht man nur ein
Kurve 2 zeigt ein Riesenason in einer Lösung aus 50% Meerwasser und 50% isotoner,Kurve 2 zeigt ein Riesenaxon in einer Lösung aus 50% Meerwasser und 50% isotoner
- themotische Blöcke voneinander trennen und,- thematische Blöcke voneinander trennen und
- sucht repräsentative Fälle für Gruppen von Merkmalskombinationen,- sucht repräsentative Fälle für Gruppen von Merkmalskombinationen
Publie Cloud,Public Cloud
wie früher.,wie früher.
Bei einem LASER werden die Atome des Energiespeichers durch eine Energie-,Bei einem LASER werden die Atome des Energiespeichers durch eine Energie-
Ichs zu der Natur und der Wanderschaft.,Ichs zu der Natur und der Wanderschaft.
1. Wahlteilnahme,1. Wahlteilnahme
Angst vor Streiks oder Aufständen musste,Angst vor Streiks oder Aufständen musste
und durch die leitende Verbindung ein Induktionsstrom.,und durch die leitende Verbindung ein Induktionsstrom.
desc -> absteigend,desc -> absteigend
- Je mehr überprüfbare Hypothesen sie beinhaltet,- je mehr überprüfbare Hypothesen sie beinhaltet
- Weitere gute Idee für Konstruktivistische Politikberatung,- Weitere gute Idee für konstruktivistische Politikberatung
bewusste Maßnahme um sich gegen etwas zu,bewusste Maßnahme um sich gegen etwas zu
ist deshalb am Arnfang der Entdeckungsfahrten,ist deshalb am Anfang der Entdeckungsfahrten
"aus der Natur ziehen, ist die Mathematik ein System, das","aus der Natur ziehen, ist die Mathematik ein System, das"
Bsp.: Fiweiß eines Hühnchenfilets durch katabole Stoffwechselwege zu Aminosäuren abgebaut,Bsp.: Eiweiß eines Hühnchenfilets durch katabole Stoffwechselwege zu Aminosäuren abgebaut
- Nutzen zum kommunisieren,- Nutzen zum kommunizieren
einem Muskelaktionspotenzial.,einem Muskelaktionspotenzial
"Alle Zellen stellen aus Aminosäuren Enzyme her, die an sehr vielen chemischen Reaktionen","Alle Zellen stellen aus Aminosäuren Enzyme her, die an sehr vielen chemischen Reaktionen"
- Wo hilfe holen?,- Wo hilfe holen?
Die Familie sorgt für Schutz und Geborgenheit (emotionale,Die Familie sorgt für Schutz und Geborgenheit (emotionale
Enstehung von Theorien,Entstehung von Theorien
Abbildung (Messung),Abbildung (Messung)
Lebewesen.,Lebewesen.
Der Präriehase lebt bevorzugt in der mitte von Nordamerika und,Der Präriehase lebt bevorzugt in der mitte von Nordamerika und
und Einstellung neuer Mitarbeiter,und Einstellung neuer Mitarbeiter
"Klasse = Abstraktion, die Gemeinsamkeiten von Objekten und Regeln zu ihrer Erzeugung beschreibt","Klasse = Abstraktion, die Gemeinsamkeiten von Objekten und Regeln zu ihrer Erzeugung beschreibt"
Die Wespe summt um den Apfelbaum.,Die Wespe summt um den Apfelbaum.
=> Dritte dürfen davon nicht ausgeschlossen werden,=> Dritte dürfen davon nicht ausgeschlossen werden
Funktion / Wirkung der Bühnenanweisung,Funktion / Wirkung der Bühnenanweisung
Zwischn Nenronem ermöglichen,Zwischen Neuronen ermöglichen
Der Bauer fährt Traktor.,Der Bauer fährt Traktor.
ein gewisser Konflikt.,ein gewisser Konflikt.
Dimensionen der Einzelindikatoren sich mit dem,Dimensionen der Einzelindikatoren sich mit dem
Otto Hahn und Fritz Straßmann entdeckten 1938 die Kernspaltung.,- Otto Hahn und Fritz Straußmann entdeckten 1938 die Kernspaltung.
1) Umgebduter Motorradhelm mit Magnetspulen,(1) Umgebauter Motorradhelm mit Magnetspulen
"voraus indem sich das Unternehmen verpflichtet, alle im Vertrag","voraus, indem sich das Unternehmen verpflichtet, alle im Vertrag"
- Kein Grund mehr für Ausreise,- Kein Grund mehr für Ausreise
Interpretationsmöglichkeit,Interpretationsmöglichkeit
- Man unterliegt der Schweige pflicht,- Man unterliegt der Schweigepflicht
- hoher Aufwand bei kombinierten Quoten,- hoher Aufwand bei kombinierten Quoten
- Erklärungsziel: Zustandekommen von Politikinhalten (Policies) und,- Erklärungsziel: Zustandekommen von Politikinhalten (Policies) und
"davon aus, dass jedes Kind von Geburt an gewässe","davon aus, dass jedes Kind von Geburt an gewisse"
JavaScript,JavaScript
lassen.,lassen.
- Niederlage ist unausweichlich,- Niederlage ist unausweichlich
2. Anderungen verwerfen / auf vorhenige Werte zuwicksetzen,2. Änderungen verwerfen/auf vorherige Werte zurücksetzen
- Nicht bei jedem Wissensstand der Wissenschaft möglich,- Nicht bei jedem Wissensstand der Wissenschaft möglich
- Kontrolle aller relevanten Drittvariabeln,- Kontrolle aller relevanten Drittvariabeln
-> durch Bundesrat und Reichstag,-> durch Bundesrat und Reichstag
- Anpassung/Vermeidung,- Anpassung / Vermeidung
durchsetzen,durchsetzen
"- Plötzliche, Unruhe verursacht durch die Männerstimme",- Plötzliche Unruhe verursacht durch die Männerstimme
Studenten diskutieren über aktuelle Themen.,Studenten diskutieren über aktuelle Themen.
Selbstheilung,Selbstheilung
aufgesetzt.,aufgesetzt.
-> none = Erzwingt keine Fortsetzng,-> none = Erzwingt keine Fortsetzung
- wenige Überlebende bilden Basis für die neue Population,- wenige Überlebende bilden Basis für die neue Population
- Definitive Ablehnung und Probleme,- Definitive Ablehnung und Probleme
notwendige Energie für verschiedene Lebensprozesse.,notwendige Energie für verschiedene Lebensprozesse.
"(> Kernel Trick, transformieren der Daten in einen höheren Raum)","(-> Kernel Trick, transformieren der Daten in einen höheren Raum)"
- häufig bei Besiedelung neuer Lebensräume,- häufig bei Besiedelung neuer Lebensräume
Zusätzlich wurde im ersten Weltkrieg,Zusätzlich wurde im ersten Weltkrieg
bäilden. Diese Gruppen haben die gleichen Interessen oder den gleichen,bilden. Diese Gruppen haben die gleichen Interessen oder den gleichen
- /3 der Bevölkerung unter der Armutsgrenze,- 1/3 der Bevölkerung unter der Armutsgrenze
Das Buch wird bald veröffentlicht.,Das Buch wird bald veröffentlicht.
darf alle (Rechts-) Geschäfte eines,-> darf alle (Rechts-) Geschäfte eines
- Flugplatz in Lugla,- Flugplatz in Lugla
Die Sängerin hat eine tolle Stimme.,Die Sängerin hat eine tolle Stimme.
-> ökonomisches Prinzip,-> ökonomisches Prinzip
unterschiedlicher Schwierigkeit,unterschiedlicher Schwierigkeit
"Martin Luther nutzte diesen Ausdruck, um zu beschreiben, das Gott auf einer besonderen","Martin Luther nutzte diesen Ausdruck, um zu beschreiben, das Gott auf einer besonderen"
"Bor kann aus normalen Fup entfernt werden, wird dann aber auch ignoriert.","Box kann aus normalen Fluß entfernt werden, wird dann aber auch ignoriert."
-> Einfach aber unflexibel,-> Einfach aber unflexibel
- Theoriebildung auch zum Teil durch Datenbeobachtung,- Theoriebildung auch zum Teil durch Datenbeobachtung
Beziehungen zwischen den Modellen übertragen,Beziehungen zwischen den Modellen übertragen
es bewegt sich weniger und in einem kleinerem Bereich.,es bewegt sich weniger und in einem kleineren Bereich.
Nativismus:,Nativismus:
Analphabetenrate: Anteil der Bevölkerung an der Gesamtbevölkerung,Analphabetenrate: Anteil der Bevölkerung an der Gesamtbevölkerung
Stipendien unterstützen finanziell.,Stipendien unterstützen finanziell.
und Pickelhaube.,und Pickelhaube.
man eine Muttersprache haben sollte und,man eine Muttersprache haben sollte und
"Grafen nicht lieht, was besonders an der ersten","Grafen nicht liebt, was besonders an der ersten"
Digitale Assistenten optimieren den Wockflow.,Digitale Assistenten optimieren den Workflow.
- Stimme zeitlichen Rahmen ab,- Stimme zeitlichen Rahmen ab
"Nach den Theoretischem Konstrukt, jetzt wie umsetzen?","Nach den Theoretischen Konstrukt, jetzt wie umsetzen?"
Aufbau:,Aufbau:
Die Tage werden immer länger.,Die Tage werden immer länger.
Use Cases können auf verschiedenen Abstraktionsebenen eingesetzt werden,Use Cases können auf verschiedenen Abstraktionsebenen eingesetzt werden
Herrscher setzten liberale Minister ein,Herrscher setzten liberale Minister ein
"- Konstanten haben einen fesen Wert, der während der Laufzeit nicht geändert werden kann. Varniabeln","- Konstanten haben einen festen Wert, der während der Laufzeit nicht geändert werden kann. Variabeln"
Konzentriert beherschte er den Raum,Konzentriert beherschte er den Raum
- ausgearbeitete Aufträge in t,- ausgearbeitete Aufträge in t
Biokraftstoft nach Europa -> Gewinne gehen ins Ausland,Biokraftstoff nach Europa -> Gewinne gehen ins Ausland
Digitale Kalender organisieren den Zeitpban.,Digitale Kalender organisieren den Zeitplan.
"- Jeseph Eisler, entdeker des Eisler-Effekts, 1950 verschollen S.64","- Joseph Eisler, entdecker des Eisler-Effekts, 1950 verschollen S.64"
"Grundeinkommen befürwortet, da es zu mehr Sicherheit und weniger Unter-","Grundeinkommen befürwortet, da es zu mehr Sicherheit und weniger Unter-"
- übrigen potenziellen Ursachenfaktoren,- übrigen potenziellen Ursachenfaktoren
"1.) Ausfuhrverbote, erhöhter Rohstoffhandel -..","1.) Ausfuhrverbote, erhöhter Rohstoffhandel..."
Durch diese Spuren ist der Weg der radioaktiven Strahlung sichtbar.,Durch diese Spuren ist der Weg der radioaktiven Strahlung sichtbar.
1.) In einer Kartoffel stecken zwei kleine Kupferplatten und es wird,1.) In einer Kartoffel stecken zwei kleine Kupferplatten und es wird
-> Differenz in geregelter Herrschaftszugang,-> Differenz in geregelter Herrschaftszugang
A: - Ont. an dem Angebot und Nachfrage für Güter / Wirtschaftsobjekte auf.,"A: Ort, an der Angebot und Nachfrage für Güter / Wirtschaftsobjekte auf"
Staatschulden: Metrisch,Staatschulden : Metrisch
KI verbessert die Effizienz von Produktionslinion.,KI verbessert die Effizienz von Produktionslinien.
- Unterschiede zwischen den Gruppen enstehen durch:,- Unterschiede zwischen den Gruppen entstehen durch:
also unterteilt in Wort und Objekt. Diese,also unterteilt in Wort und Objekt. Diese
"order by 3 desc, 1ase; -> erst absteigend & innerhalb des gleichen aufsteigend","order by 3 desc , 1 asc, -> erst absteigend & innerhalb des gleichen aufsteigend"
Prozess schlafen gelegt wird (bkochieren),Prozess schlafen gelegt wird (blockieren)
- Bildung von Vererbungsstrukturen nach verschiedenen Gesichtspunkten,- Bildung von Vererbungsstrukturen nach verschiedenen Gesichtspunkten
aapassen oder unterdrücken muss.,anpassen oder unterdrücken muss.
schaftlichen Modellen die Gesellschaft analysieren kann und somit auch die,schaftlichen Modellen die Gesellschaft analysieren kann und somit auch die
Obektodiagramm,Objektdiagramm
Computer vearbeiten binäre Daten.,Computer verarbeiten binäre Daten.
die er von Mitmenschen gehört hat. DMenschen,die er von Mitmenschen gehört hat. Menschenn
-> Zukunftsstrategie zur Belebung der Wirtschaftsstruktur,-> Zukunftsstrategie zur Belebung der Wirtschaftsstruktur
Konstruktive Schritte,Konstruktive Schritte
weit entfernt scheint. Außerdem finde ich das man mehr über das Thema Gentecdrik in der,weit entfernt scheint. Außerdem finde ich das man mehr über das Thema Gentechnik in der
- Anpassung an individuelle Nachfrage durch flexiblere,- Anpassung an individuelle Nachfrage durch flexiblere
Ein Regentropfen fällt.,Ein Regentropfen fällt.
politischer Herrschaft und deren Beziehungen zur Gesellschaftl(= Regime) verstehen,politischer Herrschaft und deren Beziehungen zur Gesellschaft (=Regime) verstehen
Demokratie nach Abraham Lincoln,- Demokratie nach Abraham Lincoln
"geben, da diese Bilder oft verstörend sind.","geben, da diese Bilder oft verstörend sind."
sich selber verunstaltet und sich selber,sich selber verunstaltet und sich selber
Hilfsmittel,Hilfsmittel
Die Bäckerei hatte nur noch 3 Brötchen über.,Die Bäckerei hatte nur noch 3 Brötchen über.
 Aufgaben,Aufgaben
Muttersprachemunterricht ist ähnlich wie,Muttersprachenunterricht ist ähnlich wie
- Mehr Arbeit und wenige Konsumgüter,- Mehr Arbeit und wenige Konsumgüter
Ein Gänseblümchen bliht.,Ein Gänseblümchen blüht.
König Heinrich bekamm vom Papst einen Kirchenbann und sollte von seinem Amt zurücktreten.,König Heinrich bekam vom Papst einen Kirchenbann und sollte von seinem Amt zurücktreten.
7. Lieferumfang,7. Lieferumfang
- Heinrich V wollte einen Mann seiner Wahl als Erzbischf von Mailand einsetzen -z> protestierte Pupst Gregor WI.,- Heinrich IV wollte einen Mann seiner Wahl als Erzbischof von Mailand einsetzen -> protestierte Papst Gregor VII.
"""normales"" Bild in der Offentlichkeit","""normales"" Bild in der Öffentlichkeit"
4. auch gegen Widerstreben,4. Auch gegen Widerstreben
"Kommt ein Aktionspotenzial an der Postsynapse an, werden Vesikel mit Glutamat","Kommt ein Aktionspotenzial an der Postsynapse an, werden Vesikel mit Glutamat"
Angabe eines selektionskriteriums für eine Gruppierung,Angabe eines Selektionskriteriums für eine Gruppierung
Theater bringt Emmotionen zum Auschruck.,Theater bringt Emotionen zum Ausdruck.
- Traditionale Herrschaft: beruhtauf dem Alltagsglauben an die,- Traditionale Herrschaft: beruht auf dem Alltagsglauben an die
Das Krokodil lauert geduldig im Wasser.,Das Krokodil lauert geduldig im Wasser.
Willkürliches Auswählen in der Praxis,Willkürliches Auswählen in der Praxis
"-> Nicht zu verwechseln mit der Angabe""....","-> Nicht zu verwechseln mit der Angabe ""..."""
- Vererbung ist eine Beziehung zwischen einer allgemeinen Klasse und einer spezialisierten Klasse,- Vererbung ist eine Beziehung zwischen einer allgemeinen Klasse und einer spezialisierten Klasse
- Fehlerhaftes Beobachten,- Fehlerhaftes Beobachten
7. Include-Beziehungen,7. Include-Beziehungen
weniger gefördert. Zurzeit geht der Preis nach einem Anstieg un 2020,weniger gefördert. Zurzeit geht der Preis nach einem Anstieg von 2020
Glossar,Glossar
"- Ziel ist eine neue, gesunde Ordnung","- Ziel ist eine neue, gesunde Ordnung"
"Man meint das selbe Objekt, doch das","Man meint das selbe Objekt, doch das"
Orthogonale Entscheidungsgrenzen,Orthogonale Entscheidungsgrenzen
-> bieten attraktive Beratungs- und Serviceleistungen an,-> bieten attraktive Beratungs- und Serviceleistungen an
Maschinelles Lernen analysiert Muster.,Maschinelles Lernen analysiert Muster.
Nachteile Stabliniensystem,Nachteile Stabliniensystem
- Induktivismus: Von Daten zur Theorie,- Induktivismus: Von Daten zur Theorie
- Auswertung bei Ergebnisanzeige einer Selektion => Spaltenfunktionen,- Auswertung bei Ergebnisanzeige einer Selektion => Spaltenfunktionen
Der Zug hat 20 Minuten Verspätung.,Der Zug hat 20 Minuten Verspätung.
Repräsentation in einer Theorie,Repräsentation in einer Theorie
- Der größte Punkt war die schlechte wirtschaftliche,- Der größte Punkt war die schlechte wirtschaftliche
dem Fluss Chari fließt in den Tschadsee hinein. Der See liegt 295 Meter,dem Fluss Chari fließt in den Tschadsee hinein. Der See liegt 295 Meter
Das Lamm hüpft über die Wiese.,Das Lamm hüpft über die Wiese.
Studenten organisieren kultwelle Austauschprogramme.,Studenten organisieren kulturelle Austauschprogramme.
"-> aktives Warten, potenziell undendlich",-> aktives Warten; potenziell unendlich
Keim zellen. sind spermien und eizellen,Keimzellen sind spermien und eizellen
Krieg. Dabei repräsentiert eines die SB2 und,Krieg. Dabei repräsentiert eines die SBZ und
17.8.23,17.8.23
- menschliche Handeln: Die PoWi beschäftigt sich mit politischen,menschliche Handeln: Die PoWi beschäftigt sich mit politischen
- Bestimmung der Shala mit gewichteter Zusammensetzung der gegebenen Antworten,- Bestimmung der Skala mit gewichteter Zusammensetzung der gegebenen Antworten
- Testfall Identifikation,- Testfall Identifikation
Sprache. Diese ist sehr verschieden zum arabischen.,Sprache. Diese ist sehr verschieden zum arabischen
interessieren und man sich nicht sicher ist,interessieren und man sich nicht sicher ist
der letzten Strophe wechselt das Reimschema,der letzten Strophe wechselt das Reimschema
- unterschiedliche Parameterlisten,- unterschiedliche Parameterlisten
Der Wal schwimmt majestätisch im Ozean.,Der Wal schwimmt majestätisch im Ozean.
- funktionslose Lagerhänser,- funktionslose Lagerhäuser
Analyse einer Karikatur 7.12.2023,Analyse einer Karikatur 7.12.2023
"Innenfinanzierung bedeutet, dass ein Unternehmen Finanzmittel","Innenfinanzierung bedeutet, dass ein Unternehmen Finanzmittel"
nicht erwähnt wurden. Daraus folgte Verwirrung,nicht erwähnt wurden. Daraus folgte Verwirrung
Leitung eines anderen zu bedienen. Selbst,Leitung eines anderen zu bedienen. Selbst
- Minima Ukönnen nur an Extremstellen auftreten,- Minima können nur an Extremstellen auftreten
-> Absatz: Kundenstruktur,-> Absatz: Kundenstruktur
Museen bewahren kulturelle Schätze.,Museen bewahren kulturelle Schätze.
"haben oder auf der ""normalen Art"" gezeugt wurden. Der Hauptdarsteller Vincent Freeman gehört zu","haben oder auf der ""normalen Art"" gezeugt wurden. Der Hauptdarsteller Vincent Freeman gehört zu"
- having-Klausel,- having - Klausel
- eigenständige Softwarebausteine mit klaren Schnittstellen,- eigenständige Softwarebausteine mit klaren Schnittstellen
- Grenzen von Fallstudien,Grenzen von Fallstudien
"- Nutzen von Vorwissen für Auswahl (""theoretisch geleitet"")","- Nutzen von Vorwissen für Auswahl (""theoretisch geleitet"")"
- wahlt Kommissionspräsident,- wählt Kommissionspräsident
Studenten lernen und wachsen.,Studenten lernen und wachsen.
subtropisches und heißes Klina,subtropisches und heißes Klima
Iterative Methoden sind Stabiler gegenüber Rundungsfehlern und können daher,Interaktive Methoden sind stabiler gegenüber Rundungsfehler und können daher
Künstliche Intelligenz lernt von Daten.,Künstliche Intelligenz lernt von Daten.
Die Eule ruft in der Nacht.,Die Eule ruft in der Nacht.
Was ist organisiertes Interesse?,Was ist organisiertes Interesse?
"- alle Attribute von SuperClass an Subcdass, Wert eines Attributs wird nicht weitergegeben!",- alle Attribute von SuperClass an Subclass ; Wert eines Attributs wird nicht weitergegeben!
3.) Das Drama enthält zahlreiche Anspielungen auf den damaligen,3.) Das Drama enthält zahlreiche Anspielungen auf den damaligen
Der Bauer fährt Traktor.,Der Bauer fährt Traktor.
"haben Verhandlungsmechanismen entwickelt, deren Regeln von","haben Verhandlungsmechanismen entwickelt, deren Regeln von"
Schulung bei manueller Kodierung:,Schulung bei manueller Kodierung:
Poesie berührt die Seele.,Poesie berührt die Seele.
"wird durch die Tatsache, dass die Schwiegereltern","wird durch die Tatsache, dass die Schwiegereltern"
welche Rohstoffe es dort gebt.,welche Rohstoffe es dort gibt.
abhängige Variablen,abhängige Variablen
lyrische Ich mit der Alliteration Natur würde wirken und verbinden,lyrische Ich mit der Alliteration Natur würde wirken und verbinden
"- Lange Sparen, überindustrialisierung und kaum Forschung","- Lange Sparen, Überindustrialisierung und kaum Forschung"
Das Geschenk ist mit einer Schleife verziert.,Das Geschenk ist mit einer Schleife verziert.
einfache Berechnung aber nicht geeignel für Backpropagation,einfache Berechnung aber nicht geeignet für Backpropagation
nicht mit einem Merkmal das mich interessient,nicht mit einem Merkmal das mich interessiert
Beschreibung: In der gegebenen Tabelle wird der Datentyp der betroffenen Spalte in,Beschreibung: In der angegebenen Tabelle wird der Datentyp der betroffenen Spalte in
- Am besten ist das Quantum länger als die,- Am besten ist das Quantum länger als die
"wie diese Unterstützt werden sollten, doch","wie diese Unterstützt werden sollten, doch"
- und verringert den Stromfluss,- und verringert den Stromfluss
14. Akteure und Use-Cases,14. Akteure und Use-Cases
Nachteil: gibt es solche Fälle? Wie viel Gewicht sollte ein Fall haben?,Nachteil: gibt es solche Fälle? Wie viel Gewicht sollte ein Fall haben?
Vorteile Stabdiniensystem,Vorteile Stabliniensystem
Intention:,Intention:
beeinflussen sie vergeht immer und immer,beeinflussen sie vergeht immer und immer
-> Marktwirtschaft,-> Marktwirtschaft
"Lebenserwartung: Zeitspanne, die ein Mensch voraussichtlich leben wird","Lebenserwartung: Zeitspanne, die ein Mensch voraussichtlich leben wird"
"- Ablenken der wahren Probleme durch Feiern,","- Ablenken der wahren Probleme durch Feiern,"
"Innerhalb der Pipette wird ein kleiner Membranbereich vom Umfeld isoliert,","Innerhalb der Pipette wird ein kleiner Membranbereich vom Umfeld isoliert,"
- einzelne Zeilen dieser Tabelle heißen Instanzen oder Datenpunkte,- einzelne Zeilen dieser Tabelle heißen Instanzen oder Datenpunkte
"England möchte den russischen Einfluss begrenzen, gleichzeitig will Russland die Neugründung","England möchte den russischen Einfluss begrenzen, gleichzeitig will Russland die Neugründung"
"- um Session vollstandig zu zerstören, session -destroy()","- um Session vollständig zu zerstören, 'session_destroy()'"
- Zufallsstichproben aus jeder Gruppe,- Zufallsstichprobe aus jeder Gruppe
- Hafenbecken vertieten,- Hafenbecken vertiefen
spezifische Funktionslogik,spezifische Funktionslogik
Membranproteine.,Membranproteine.
wie soll die Aufgabe erfüllt werden?,wie soll die Aufgabe erfüllt werden?
"Unterstützung von Bauern -> Landsitze der adligen, forderten aufhebung von Abgaben /Dienste","Unterstützung von Bauern -> Landsitze der adligen, forderten aufhebung von Abgaben / Diensten"
- Urbanisierung versteht man die Entwicklung einer Stadt,- Urbanisierung versteht man die Entwicklung einer Stadt
Kultur und Weltansicht vertraut macht.,Kultur und Weltansicht vertraut macht.
- Verwende eindeutigen zeitlichen Bezug,- Verwende eindeutigen zeitlichen Bezug
verstehen kann. Der Text ist klar strukturiert,verstehen kann. Der Text ist klar strukturiert
- großes Einzugsgebiet / viel Landwirtschaft - Rücksichtnahme,- großes Einzugsgebiet / viel Landwirtschaft - Rücksichtnahme
Service-Modelle,Service-Modelle
- Interessenartikulation,- Interessenartikulation
die Moleküle und Ionen in die Dinndarmzelle entlassen werden.,die Moleküle und Ionen in die Dünndarmzelle entlassen werden.
Standardtypen,Standardtypen
Online-Banking reduziert den Tapierverbrauch.,Online-Banking reduziert den Papierverbrauch.
"Liguide ist ein Unternehmen, wenn es alle Zahlungsverpflichtungen rechtzeitig erfülen kann","Liquide ist ein Unternehmen, wenn es alle Zahlungsverpflichtungen rechtzeitig erfüllen kann"
Heimarbeit und hohe Verantwortung sind,Heimarbeit und hohe Verantwortung sind
- Datenzugriff ist nur berechtigten Personen erlaubt,- Datenzugriff ist nur berechtigten Personen erlaubt
- Bevölkerungswachstum,- Bevölerungswachstum
"- ""Reichsstände"" behalten ihre Macht / Rechte","- ""Reichstände"" behalten ihre Macht / Rechte"
zur Geltung bringen wollen,zur Geltung bringen wollen
und zu gestalten. Gundlage dieser Gruppe ist,und zu gestalten. Grundlage dieser Gruppe ist
Relativs in ein numerisches Relativ.,Relativs in ein numerisches Relativ.
- Dateonarchivierung,- Datenarchivierung
Kunst spiegelt die menschliche Kreativität wider.,Kunst spiegelt die menschliche Kreativität wider.
-> geno- und phänotypische Unterscheidungen,-> geno- und phänotypische Unterscheidungen
kin Skript,kein Skript
"Das Klimd ist zu schlecht, zu feuchtes Klima","Das Klima ist zu schlecht, zu feuchtes Klima"
KI ermöglicht Robotik in der Fertigung.,KI ermöglicht Robotik in der Fertigung.
"-> Rolle, die ein Benutzer eines Systems einnimmt","-> Rolle, die ein Benutzer eines Systems einnimmt"
weil die Mermalsausprägungen nicht erschöpfend sind.,weil die Merkmalsausprägungen nicht erschöpfend sind.
werden bei weiteren Fragen wie Asglpolitik sich eher,werden bei weiteren Fragen wie Asylpolitik sich eher
- kinderlose Lebensstile werden attraktiver durch erhöhte Ansprüche,- kinderlose Lebensstile werden attraktiver durch erhöhte Ansprüche
pos-neu verschoben,pos_neu verschoben.
- Kulturen grenzen sich ab und lassen Wahrnehmung änden,- Kulturen grenzen sich ab und lassen Wahrnehmung ändern
"Bezugssystem: - Koordinatensystem; xy,z- Achse","Bezugssystem: - Koordinatensystem ; x, y, z - Achse"
"Rheinbund gegründet, Staatsgrenze Frankreichs der Rhein","Rheinbund gegründet, Staatsgrenze Frankreichs der Rhein"
1. Akteure ermitteln,1. Akteure ermitteln
"sich in Acht, dass er den Kopf nicht zu Weit vorstreckte, damit","sich in Acht, dass er den Kopf nicht zu weit vorstreckte, damit"
- Einheit: Grundgedanke die Einheit Deutschlands,- Einheit: Grundgedanke die Einheit Deutschlands
verfigbare Ressourcen verwaltet,verfügbare Ressourcen verwaltet
- eingesetzte Materialien,- eingesetzte Materialien
Eigenschaften guter Forschungsfragen,- Eigenschaften guter Forschungsfragen
ber sein als die Hühner auf dem Hof.,"ber sein als die Hühner auf dem Hof."""
Gute Verkehrsinfrastruktur bei den Firmen,Gute Verkehrsinfrastruktur bei den Firmen
gewinnen.,gewinnen.
- einige gründeten ihre eigenen Läden => neues Leben entstand,- einige gründeten ihre eigenen Läden => neues Leben entstand
Von diesem Draht aus breiten sich das elektrische Feld vertikal,Von diesem Draht aus breiten sich das elektrische Feld vertikal
Eigenschaften von Hypothesen.,- Eigenschaften von Hypothesen.
"Das Drama ""Der gute Mensch von Sezuan""","Das Drama ""Der gute Mensche von Sezuan"""
a) Vorstand (V),a) Vorstand (V)
Außerdem meint er des ohne den technischen Fortschritt die Bevölkerung nicht,Außerdem meint er das ohne den technischen Fortschritt die Bevölkerung nicht
- Kulturzusammenstoß,- Kulturzusammenstoß
Kostenfunktion für die Logistische Regression,Kostenfunktion für die Logistische Regression
2. Erstellen eines Kategoriensystems,2. Erstellen eines Kategoriensystems
SoCD Entwurfsprinzipien,SOLID Entwurfsprinzipien
"lyrische Ich sorgen um den verwundeten Baum und redet dem Baum zu,","lyrische Ich sorgen um den verwundeten Baum und redet dem Baum zu,"
- Basis der Auftragsabnahme,- Basis der Auftragsabnahme
schon sehr angespannt. Verschiedene politische,schon sehr angespannt. Verschiedene politische
"-> Im Unterschied zu den anderen drei Füchern, die ihre Lehre vermittelbar","-> Im Unterschied zu den anderen drei Fächern, die ihre Lehre vermittelbar"
desto fremder wird die Muttersprache. Es entsteht,desto fremder wird die Muttersprache. Es entsteht
Der Prototyo,Der Prototyp
"mehrdeutige Begriffe vorhanden sind, da andere","mehrdeutige Begriffe vorhanden sind, da andere"
Erweiterbar durch den Benutzer,Erweiterbar durch den Benutzer
Gehalt bekommt man immer am Monats ende,Gehalt bekommt man immer am Monatsende.
wird ein G-Protein Komplex gebildet. Der G-Protein Komplex aktiviert das Enzym,wird ein G-Protein Komplex gebildet. Der G-Protein Komplex aktiviert das Enzym
- Interrupts Springen vom User in den Kernel- Mode,- Interrupts springen vom User in den Kernel-Mode
- Stichwortverzeichnis,- Stichwortverzeichnis
Schnittstelle vs. Abstrakte Klassen,Schnittstelle vs. Abstrakte Klassen
getrennt.,getrennt.
dass es Gott war und kein Dämon. Jakob sieht erst Gott wenn er die Hoffnung,dass es Gott war und kein Dämon. Jakob sieht erst Gott wenn er die Hoffnung
- Anpassen an das neue System,- Anpassen an das neue System
Durch Energiezufuhr können Atome zum leuchten angeregt werden.,Durch Energiezufuhr können Atome zum leuchten angeregt werden.
- menge der Fälle : Quantitativ,- menge der Fälle : Quantitativ
das Es beinflusst ist stark abhängig von,das Es beinflusst ist stark abhängig von
Künstliche Intellgenz automatisiert Aufgaben.,Künstliche Intelligenz automatisiert Aufgaben.
Campusileben bietet vielfältige Aktivitäten.,Campus-Leben bietet vielfältige Aktivitäten.
Wirtschaft verändert werden um die,Wirtschaft verändert werden um die
"Rollenname -> beschreibt, wie das Objekt durch das in der Assoziation gegenüberliegende","Rollenname -> beschreibt, wie das Objekt durch das in der Assoziation gegenüberliegende"
- Organisationsfähigkeit,- Organisationsfähigkeit
